Algoritmo,ZLevel,Predictor,Tamanho_Final_MB,Taxa_Compressao (%),Tempo_Compressao_segundos,Tempo_Leitura_segundos,Cena,Banda
RAW_SemComp,0,0,220.51,0.0,0.0,0.36,S2-16D_V2_002011_20260728,EVI
DEFLATE_L1_P2,1,2,55.87,74.66,1.622,0.749,S2-16D_V2_002011_20260728,EVI
DEFLATE_L2_P2,2,2,57.16,74.08,1.974,0.791,S2-16D_V2_002011_20260728,EVI
DEFLATE_L3_P2,3,2,57.17,74.08,1.913,0.778,S2-16D_V2_002011_20260728,EVI
DEFLATE_L5_P2,5,2,57.5,73.92,1.969,0.798,S2-16D_V2_002011_20260728,EVI
DEFLATE_L6_P2,6,2,57.5,73.92,2.072,0.777,S2-16D_V2_002011_20260728,EVI
DEFLATE_L7_P2,7,2,57.48,73.93,2.506,0.807,S2-16D_V2_002011_20260728,EVI
DEFLATE_L8_P2,8,2,57.29,74.02,2.638,0.823,S2-16D_V2_002011_20260728,EVI
DEFLATE_L9_P2,9,2,56.07,74.57,10.675,0.742,S2-16D_V2_002011_20260728,EVI
RAW_SemComp,0,0,110.26,0.0,0.0,0.258,S2-16D_V2_001014_20260728,SCL
DEFLATE_L1_P2,1,2,0.29,99.73,0.47,0.339,S2-16D_V2_001014_20260728,SCL
DEFLATE_L2_P2,2,2,0.29,99.73,0.505,0.317,S2-16D_V2_001014_20260728,SCL
DEFLATE_L3_P2,3,2,0.29,99.73,0.476,0.297,S2-16D_V2_001014_20260728,SCL
DEFLATE_L5_P2,5,2,0.29,99.74,0.44,0.272,S2-16D_V2_001014_20260728,SCL
DEFLATE_L6_P2,6,2,0.29,99.74,0.504,0.358,S2-16D_V2_001014_20260728,SCL
DEFLATE_L7_P2,7,2,0.28,99.75,0.644,0.32,S2-16D_V2_001014_20260728,SCL
DEFLATE_L8_P2,8,2,0.27,99.75,0.634,0.304,S2-16D_V2_001014_20260728,SCL
DEFLATE_L9_P2,9,2,0.28,99.75,4.599,0.339,S2-16D_V2_001014_20260728,SCL
RAW_SemComp,0,0,220.51,0.0,0.0,0.421,S2-16D_V2_001014_20260728,B02
DEFLATE_L1_P2,1,2,27.66,87.46,1.169,0.692,S2-16D_V2_001014_20260728,B02
DEFLATE_L2_P2,2,2,27.84,87.37,1.407,0.665,S2-16D_V2_001014_20260728,B02
DEFLATE_L3_P2,3,2,27.84,87.38,1.537,0.707,S2-16D_V2_001014_20260728,B02
DEFLATE_L5_P2,5,2,28.06,87.27,1.8,0.737,S2-16D_V2_001014_20260728,B02
DEFLATE_L6_P2,6,2,28.06,87.27,1.808,0.694,S2-16D_V2_001014_20260728,B02
DEFLATE_L7_P2,7,2,28.07,87.27,2.073,0.708,S2-16D_V2_001014_20260728,B02
DEFLATE_L8_P2,8,2,28.07,87.27,2.087,0.743,S2-16D_V2_001014_20260728,B02
DEFLATE_L9_P2,9,2,27.36,87.59,8.808,0.756,S2-16D_V2_001014_20260728,B02
RAW_SemComp,0,0,220.51,0.0,0.0,0.418,S2-16D_V2_002011_20260728,B04
DEFLATE_L1_P2,1,2,45.31,79.45,1.524,0.843,S2-16D_V2_002011_20260728,B04
DEFLATE_L2_P2,2,2,46.02,79.13,1.81,0.763,S2-16D_V2_002011_20260728,B04
DEFLATE_L3_P2,3,2,46.03,79.13,1.77,0.804,S2-16D_V2_002011_20260728,B04
DEFLATE_L5_P2,5,2,46.07,79.11,2.359,0.789,S2-16D_V2_002011_20260728,B04
DEFLATE_L6_P2,6,2,46.07,79.11,2.273,0.805,S2-16D_V2_002011_20260728,B04
DEFLATE_L7_P2,7,2,46.03,79.13,2.646,0.792,S2-16D_V2_002011_20260728,B04
DEFLATE_L8_P2,8,2,46.03,79.13,2.666,0.748,S2-16D_V2_002011_20260728,B04
DEFLATE_L9_P2,9,2,44.82,79.67,9.37,0.767,S2-16D_V2_002011_20260728,B04
RAW_SemComp,0,0,220.51,0.0,0.0,0.409,S2-16D_V2_001014_20260728,B12
DEFLATE_L1_P2,1,2,26.92,87.79,1.14,0.681,S2-16D_V2_001014_20260728,B12
DEFLATE_L2_P2,2,2,26.87,87.82,1.381,0.59,S2-16D_V2_001014_20260728,B12
DEFLATE_L3_P2,3,2,26.88,87.81,1.469,0.695,S2-16D_V2_001014_20260728,B12
DEFLATE_L5_P2,5,2,27.31,87.61,1.716,0.653,S2-16D_V2_001014_20260728,B12
DEFLATE_L6_P2,6,2,27.31,87.61,1.781,0.687,S2-16D_V2_001014_20260728,B12
DEFLATE_L7_P2,7,2,27.31,87.61,2.155,0.727,S2-16D_V2_001014_20260728,B12
DEFLATE_L8_P2,8,2,27.31,87.61,2.289,0.676,S2-16D_V2_001014_20260728,B12
DEFLATE_L9_P2,9,2,26.54,87.97,8.908,0.778,S2-16D_V2_001014_20260728,B12
RAW_SemComp,0,0,220.51,0.0,0.0,0.451,S2-16D_V2_002011_20260728,B09
DEFLATE_L1_P2,1,2,37.25,83.11,1.371,0.778,S2-16D_V2_002011_20260728,B09
DEFLATE_L2_P2,2,2,36.16,83.6,1.679,0.742,S2-16D_V2_002011_20260728,B09
DEFLATE_L3_P2,3,2,35.73,83.8,1.83,0.789,S2-16D_V2_002011_20260728,B09
DEFLATE_L5_P2,5,2,35.45,83.92,2.158,0.718,S2-16D_V2_002011_20260728,B09
DEFLATE_L6_P2,6,2,35.0,84.13,2.852,0.708,S2-16D_V2_002011_20260728,B09
DEFLATE_L7_P2,7,2,34.66,84.28,3.595,0.728,S2-16D_V2_002011_20260728,B09
DEFLATE_L8_P2,8,2,34.66,84.28,3.569,0.716,S2-16D_V2_002011_20260728,B09
DEFLATE_L9_P2,9,2,33.24,84.93,12.825,0.79,S2-16D_V2_002011_20260728,B09
RAW_SemComp,0,0,220.51,0.0,0.0,0.361,S2-16D_V2_002012_20260728,B08
DEFLATE_L1_P2,1,2,139.54,36.72,2.703,1.074,S2-16D_V2_002012_20260728,B08
DEFLATE_L2_P2,2,2,142.97,35.16,3.804,1.285,S2-16D_V2_002012_20260728,B08
DEFLATE_L3_P2,3,2,142.97,35.16,3.682,1.215,S2-16D_V2_002012_20260728,B08
DEFLATE_L5_P2,5,2,143.67,34.85,3.904,1.237,S2-16D_V2_002012_20260728,B08
DEFLATE_L6_P2,6,2,143.67,34.85,4.02,1.252,S2-16D_V2_002012_20260728,B08
DEFLATE_L7_P2,7,2,143.64,34.86,4.45,1.243,S2-16D_V2_002012_20260728,B08
DEFLATE_L8_P2,8,2,143.64,34.86,4.316,1.173,S2-16D_V2_002012_20260728,B08
DEFLATE_L9_P2,9,2,139.61,36.69,9.193,1.038,S2-16D_V2_002012_20260728,B08
RAW_SemComp,0,0,220.51,0.0,0.0,0.404,S2-16D_V2_002011_20260728,B06
DEFLATE_L1_P2,1,2,51.17,76.8,1.55,0.761,S2-16D_V2_002011_20260728,B06
DEFLATE_L2_P2,2,2,52.51,76.19,1.721,0.776,S2-16D_V2_002011_20260728,B06
DEFLATE_L3_P2,3,2,52.52,76.18,1.931,0.868,S2-16D_V2_002011_20260728,B06
DEFLATE_L5_P2,5,2,52.52,76.18,2.09,0.763,S2-16D_V2_002011_20260728,B06
DEFLATE_L6_P2,6,2,52.52,76.18,1.946,0.816,S2-16D_V2_002011_20260728,B06
DEFLATE_L7_P2,7,2,52.48,76.2,2.338,0.759,S2-16D_V2_002011_20260728,B06
DEFLATE_L8_P2,8,2,52.48,76.2,2.258,0.809,S2-16D_V2_002011_20260728,B06
DEFLATE_L9_P2,9,2,51.59,76.61,7.807,0.813,S2-16D_V2_002011_20260728,B06
RAW_SemComp,0,0,220.51,0.0,0.0,0.383,S2-16D_V2_002012_20260728,B05
DEFLATE_L1_P2,1,2,108.62,50.74,2.36,1.137,S2-16D_V2_002012_20260728,B05
DEFLATE_L2_P2,2,2,109.39,50.39,3.176,1.079,S2-16D_V2_002012_20260728,B05
DEFLATE_L3_P2,3,2,109.43,50.37,3.325,1.091,S2-16D_V2_002012_20260728,B05
DEFLATE_L5_P2,5,2,110.41,49.93,4.347,1.063,S2-16D_V2_002012_20260728,B05
DEFLATE_L6_P2,6,2,110.41,49.93,4.391,1.075,S2-16D_V2_002012_20260728,B05
DEFLATE_L7_P2,7,2,110.41,49.93,5.14,1.076,S2-16D_V2_002012_20260728,B05
DEFLATE_L8_P2,8,2,110.41,49.93,5.142,1.074,S2-16D_V2_002012_20260728,B05
DEFLATE_L9_P2,9,2,107.43,51.28,14.072,1.114,S2-16D_V2_002012_20260728,B05
RAW_SemComp,0,0,220.51,0.0,0.0,0.351,S2-16D_V2_002012_20260728,NBR
DEFLATE_L1_P2,1,2,126.31,42.72,2.596,1.047,S2-16D_V2_002012_20260728,NBR
DEFLATE_L2_P2,2,2,129.55,41.25,3.022,1.08,S2-16D_V2_002012_20260728,NBR
DEFLATE_L3_P2,3,2,129.55,41.25,3.129,1.132,S2-16D_V2_002012_20260728,NBR
DEFLATE_L5_P2,5,2,129.48,41.28,3.85,1.106,S2-16D_V2_002012_20260728,NBR
DEFLATE_L6_P2,6,2,129.48,41.28,3.948,1.099,S2-16D_V2_002012_20260728,NBR
DEFLATE_L7_P2,7,2,129.4,41.32,4.266,1.041,S2-16D_V2_002012_20260728,NBR
DEFLATE_L8_P2,8,2,129.36,41.34,4.211,1.036,S2-16D_V2_002012_20260728,NBR
DEFLATE_L9_P2,9,2,127.16,42.34,10.735,1.064,S2-16D_V2_002012_20260728,NBR
RAW_SemComp,0,0,220.51,0.0,0.0,0.407,S2-16D_V2_001014_20260728,B11
DEFLATE_L1_P2,1,2,30.98,85.95,1.266,0.725,S2-16D_V2_001014_20260728,B11
DEFLATE_L2_P2,2,2,31.43,85.75,1.437,0.641,S2-16D_V2_001014_20260728,B11
DEFLATE_L3_P2,3,2,31.43,85.75,1.438,0.645,S2-16D_V2_001014_20260728,B11
DEFLATE_L5_P2,5,2,31.49,85.72,1.583,0.643,S2-16D_V2_001014_20260728,B11
DEFLATE_L6_P2,6,2,31.49,85.72,1.588,0.639,S2-16D_V2_001014_20260728,B11
DEFLATE_L7_P2,7,2,31.49,85.72,1.876,0.714,S2-16D_V2_001014_20260728,B11
DEFLATE_L8_P2,8,2,31.49,85.72,2.057,0.726,S2-16D_V2_001014_20260728,B11
DEFLATE_L9_P2,9,2,30.78,86.04,7.569,0.709,S2-16D_V2_001014_20260728,B11
RAW_SemComp,0,0,220.51,0.0,0.0,0.421,S2-16D_V2_001014_20260728,B09
DEFLATE_L1_P2,1,2,22.31,89.88,1.114,0.67,S2-16D_V2_001014_20260728,B09
DEFLATE_L2_P2,2,2,21.49,90.26,1.284,0.565,S2-16D_V2_001014_20260728,B09
DEFLATE_L3_P2,3,2,21.11,90.43,1.557,0.69,S2-16D_V2_001014_20260728,B09
DEFLATE_L5_P2,5,2,20.96,90.49,1.694,0.705,S2-16D_V2_001014_20260728,B09
DEFLATE_L6_P2,6,2,20.5,90.7,2.531,0.684,S2-16D_V2_001014_20260728,B09
DEFLATE_L7_P2,7,2,20.27,90.81,3.272,0.664,S2-16D_V2_001014_20260728,B09
DEFLATE_L8_P2,8,2,20.27,90.81,3.198,0.706,S2-16D_V2_001014_20260728,B09
DEFLATE_L9_P2,9,2,19.4,91.2,11.566,0.744,S2-16D_V2_001014_20260728,B09
RAW_SemComp,0,0,220.51,0.0,0.0,0.35,S2-16D_V2_002012_20260728,B01
DEFLATE_L1_P2,1,2,46.49,78.92,1.464,0.898,S2-16D_V2_002012_20260728,B01
DEFLATE_L2_P2,2,2,44.27,79.92,2.039,0.863,S2-16D_V2_002012_20260728,B01
DEFLATE_L3_P2,3,2,42.49,80.73,2.524,0.749,S2-16D_V2_002012_20260728,B01
DEFLATE_L5_P2,5,2,41.66,81.11,3.18,0.824,S2-16D_V2_002012_20260728,B01
DEFLATE_L6_P2,6,2,39.16,82.24,7.696,0.746,S2-16D_V2_002012_20260728,B01
DEFLATE_L7_P2,7,2,38.38,82.6,18.703,0.741,S2-16D_V2_002012_20260728,B01
DEFLATE_L8_P2,8,2,38.02,82.76,30.217,0.72,S2-16D_V2_002012_20260728,B01
DEFLATE_L9_P2,9,2,34.71,84.26,56.333,0.806,S2-16D_V2_002012_20260728,B01
RAW_SemComp,0,0,220.51,0.0,0.0,0.35,S2-16D_V2_002012_20260728,B04
DEFLATE_L1_P2,1,2,105.77,52.03,2.151,1.035,S2-16D_V2_002012_20260728,B04
DEFLATE_L2_P2,2,2,106.58,51.67,3.073,1.061,S2-16D_V2_002012_20260728,B04
DEFLATE_L3_P2,3,2,106.57,51.67,3.247,1.001,S2-16D_V2_002012_20260728,B04
DEFLATE_L5_P2,5,2,107.32,51.33,4.306,1.011,S2-16D_V2_002012_20260728,B04
DEFLATE_L6_P2,6,2,107.32,51.33,4.391,0.998,S2-16D_V2_002012_20260728,B04
DEFLATE_L7_P2,7,2,107.27,51.35,5.124,1.038,S2-16D_V2_002012_20260728,B04
DEFLATE_L8_P2,8,2,107.27,51.35,5.441,1.107,S2-16D_V2_002012_20260728,B04
DEFLATE_L9_P2,9,2,104.49,52.61,15.147,1.037,S2-16D_V2_002012_20260728,B04
RAW_SemComp,0,0,220.51,0.0,0.0,0.428,S2-16D_V2_001014_20260728,B03
DEFLATE_L1_P2,1,2,31.34,85.79,1.339,0.797,S2-16D_V2_001014_20260728,B03
DEFLATE_L2_P2,2,2,32.06,85.46,1.487,0.708,S2-16D_V2_001014_20260728,B03
DEFLATE_L3_P2,3,2,32.06,85.46,1.429,0.673,S2-16D_V2_001014_20260728,B03
DEFLATE_L5_P2,5,2,31.95,85.51,1.569,0.663,S2-16D_V2_001014_20260728,B03
DEFLATE_L6_P2,6,2,31.95,85.51,1.585,0.663,S2-16D_V2_001014_20260728,B03
DEFLATE_L7_P2,7,2,31.95,85.51,1.853,0.717,S2-16D_V2_001014_20260728,B03
DEFLATE_L8_P2,8,2,31.95,85.51,1.985,0.733,S2-16D_V2_001014_20260728,B03
DEFLATE_L9_P2,9,2,31.34,85.79,7.907,0.796,S2-16D_V2_001014_20260728,B03
RAW_SemComp,0,0,220.51,0.0,0.0,0.497,S2-16D_V2_002011_20260728,B01
DEFLATE_L1_P2,1,2,25.92,88.24,1.159,0.752,S2-16D_V2_002011_20260728,B01
DEFLATE_L2_P2,2,2,24.74,88.78,1.51,0.789,S2-16D_V2_002011_20260728,B01
DEFLATE_L3_P2,3,2,24.13,89.06,1.637,0.743,S2-16D_V2_002011_20260728,B01
DEFLATE_L5_P2,5,2,23.85,89.18,1.879,0.788,S2-16D_V2_002011_20260728,B01
DEFLATE_L6_P2,6,2,22.87,89.63,3.358,0.77,S2-16D_V2_002011_20260728,B01
DEFLATE_L7_P2,7,2,22.57,89.77,6.772,0.753,S2-16D_V2_002011_20260728,B01
DEFLATE_L8_P2,8,2,22.51,89.79,9.992,0.777,S2-16D_V2_002011_20260728,B01
DEFLATE_L9_P2,9,2,21.12,90.42,19.913,0.761,S2-16D_V2_002011_20260728,B01
RAW_SemComp,0,0,220.51,0.0,0.0,0.413,S2-16D_V2_002011_20260728,B12
DEFLATE_L1_P2,1,2,43.13,80.44,1.405,0.812,S2-16D_V2_002011_20260728,B12
DEFLATE_L2_P2,2,2,43.22,80.4,1.773,0.767,S2-16D_V2_002011_20260728,B12
DEFLATE_L3_P2,3,2,43.23,80.39,1.835,0.755,S2-16D_V2_002011_20260728,B12
DEFLATE_L5_P2,5,2,43.64,80.21,2.218,0.752,S2-16D_V2_002011_20260728,B12
DEFLATE_L6_P2,6,2,43.63,80.21,2.362,0.78,S2-16D_V2_002011_20260728,B12
DEFLATE_L7_P2,7,2,43.57,80.24,2.849,0.775,S2-16D_V2_002011_20260728,B12
DEFLATE_L8_P2,8,2,43.57,80.24,2.873,0.808,S2-16D_V2_002011_20260728,B12
DEFLATE_L9_P2,9,2,42.19,80.87,9.851,0.753,S2-16D_V2_002011_20260728,B12
RAW_SemComp,0,0,220.51,0.0,0.0,0.368,S2-16D_V2_002012_20260728,B02
DEFLATE_L1_P2,1,2,103.27,53.17,2.058,1.037,S2-16D_V2_002012_20260728,B02
DEFLATE_L2_P2,2,2,103.71,52.97,3.012,1.088,S2-16D_V2_002012_20260728,B02
DEFLATE_L3_P2,3,2,103.68,52.98,3.398,1.085,S2-16D_V2_002012_20260728,B02
DEFLATE_L5_P2,5,2,104.73,52.51,4.605,1.009,S2-16D_V2_002012_20260728,B02
DEFLATE_L6_P2,6,2,104.73,52.51,4.549,1.014,S2-16D_V2_002012_20260728,B02
DEFLATE_L7_P2,7,2,104.69,52.53,5.615,1.063,S2-16D_V2_002012_20260728,B02
DEFLATE_L8_P2,8,2,104.69,52.53,5.564,1.002,S2-16D_V2_002012_20260728,B02
DEFLATE_L9_P2,9,2,101.89,53.8,15.879,1.062,S2-16D_V2_002012_20260728,B02
RAW_SemComp,0,0,220.51,0.0,0.0,0.343,S2-16D_V2_001014_20260728,NDVI
DEFLATE_L1_P2,1,2,36.36,83.51,1.289,0.664,S2-16D_V2_001014_20260728,NDVI
DEFLATE_L2_P2,2,2,37.39,83.04,1.49,0.61,S2-16D_V2_001014_20260728,NDVI
DEFLATE_L3_P2,3,2,37.39,83.04,1.491,0.613,S2-16D_V2_001014_20260728,NDVI
DEFLATE_L5_P2,5,2,37.63,82.93,1.564,0.606,S2-16D_V2_001014_20260728,NDVI
DEFLATE_L6_P2,6,2,37.63,82.93,1.534,0.608,S2-16D_V2_001014_20260728,NDVI
DEFLATE_L7_P2,7,2,37.61,82.94,2.146,0.674,S2-16D_V2_001014_20260728,NDVI
DEFLATE_L8_P2,8,2,37.38,83.05,2.149,0.697,S2-16D_V2_001014_20260728,NDVI
DEFLATE_L9_P2,9,2,36.44,83.47,10.809,0.701,S2-16D_V2_001014_20260728,NDVI
RAW_SemComp,0,0,220.51,0.0,0.0,0.408,S2-16D_V2_002011_20260728,B07
DEFLATE_L1_P2,1,2,51.98,76.43,1.519,0.781,S2-16D_V2_002011_20260728,B07
DEFLATE_L2_P2,2,2,53.37,75.8,1.756,0.778,S2-16D_V2_002011_20260728,B07
DEFLATE_L3_P2,3,2,53.37,75.8,1.734,0.79,S2-16D_V2_002011_20260728,B07
DEFLATE_L5_P2,5,2,53.41,75.78,2.017,0.826,S2-16D_V2_002011_20260728,B07
DEFLATE_L6_P2,6,2,53.41,75.78,2.009,0.823,S2-16D_V2_002011_20260728,B07
DEFLATE_L7_P2,7,2,53.37,75.8,2.312,0.786,S2-16D_V2_002011_20260728,B07
DEFLATE_L8_P2,8,2,53.36,75.8,2.259,0.804,S2-16D_V2_002011_20260728,B07
DEFLATE_L9_P2,9,2,52.44,76.22,8.021,0.812,S2-16D_V2_002011_20260728,B07
RAW_SemComp,0,0,220.51,0.0,0.0,0.351,S2-16D_V2_002011_20260728,NDVI
DEFLATE_L1_P2,1,2,55.15,74.99,1.609,0.768,S2-16D_V2_002011_20260728,NDVI
DEFLATE_L2_P2,2,2,56.61,74.33,1.967,0.798,S2-16D_V2_002011_20260728,NDVI
DEFLATE_L3_P2,3,2,56.61,74.33,1.95,0.841,S2-16D_V2_002011_20260728,NDVI
DEFLATE_L5_P2,5,2,56.86,74.21,2.135,0.756,S2-16D_V2_002011_20260728,NDVI
DEFLATE_L6_P2,6,2,56.86,74.21,1.991,0.808,S2-16D_V2_002011_20260728,NDVI
DEFLATE_L7_P2,7,2,56.84,74.22,2.547,0.755,S2-16D_V2_002011_20260728,NDVI
DEFLATE_L8_P2,8,2,56.64,74.31,2.553,0.841,S2-16D_V2_002011_20260728,NDVI
DEFLATE_L9_P2,9,2,55.35,74.9,10.86,0.742,S2-16D_V2_002011_20260728,NDVI
RAW_SemComp,0,0,220.51,0.0,0.0,0.363,S2-16D_V2_001014_20260728,NBR
DEFLATE_L1_P2,1,2,34.62,84.3,1.393,0.693,S2-16D_V2_001014_20260728,NBR
DEFLATE_L2_P2,2,2,35.62,83.85,1.525,0.623,S2-16D_V2_001014_20260728,NBR
DEFLATE_L3_P2,3,2,35.62,83.85,1.476,0.637,S2-16D_V2_001014_20260728,NBR
DEFLATE_L5_P2,5,2,35.66,83.83,1.519,0.645,S2-16D_V2_001014_20260728,NBR
DEFLATE_L6_P2,6,2,35.66,83.83,1.67,0.664,S2-16D_V2_001014_20260728,NBR
DEFLATE_L7_P2,7,2,35.63,83.84,2.083,0.675,S2-16D_V2_001014_20260728,NBR
DEFLATE_L8_P2,8,2,35.4,83.95,2.132,0.697,S2-16D_V2_001014_20260728,NBR
DEFLATE_L9_P2,9,2,34.97,84.14,10.714,0.695,S2-16D_V2_001014_20260728,NBR
RAW_SemComp,0,0,220.51,0.0,0.0,0.433,S2-16D_V2_001014_20260728,B06
DEFLATE_L1_P2,1,2,34.14,84.52,1.36,0.749,S2-16D_V2_001014_20260728,B06
DEFLATE_L2_P2,2,2,35.16,84.05,1.551,0.693,S2-16D_V2_001014_20260728,B06
DEFLATE_L3_P2,3,2,35.16,84.05,1.444,0.681,S2-16D_V2_001014_20260728,B06
DEFLATE_L5_P2,5,2,35.21,84.03,1.533,0.671,S2-16D_V2_001014_20260728,B06
DEFLATE_L6_P2,6,2,35.21,84.03,1.536,0.679,S2-16D_V2_001014_20260728,B06
DEFLATE_L7_P2,7,2,35.18,84.05,1.894,0.738,S2-16D_V2_001014_20260728,B06
DEFLATE_L8_P2,8,2,35.18,84.05,1.895,0.791,S2-16D_V2_001014_20260728,B06
DEFLATE_L9_P2,9,2,34.45,84.38,7.187,0.7,S2-16D_V2_001014_20260728,B06
RAW_SemComp,0,0,220.51,0.0,0.0,0.356,S2-16D_V2_002012_20260728,B12
DEFLATE_L1_P2,1,2,98.42,55.37,1.934,0.967,S2-16D_V2_002012_20260728,B12
DEFLATE_L2_P2,2,2,97.99,55.56,2.798,0.949,S2-16D_V2_002012_20260728,B12
DEFLATE_L3_P2,3,2,97.98,55.57,3.272,0.97,S2-16D_V2_002012_20260728,B12
DEFLATE_L5_P2,5,2,99.72,54.78,4.458,1.003,S2-16D_V2_002012_20260728,B12
DEFLATE_L6_P2,6,2,99.68,54.79,5.263,1.05,S2-16D_V2_002012_20260728,B12
DEFLATE_L7_P2,7,2,99.62,54.83,6.474,1.045,S2-16D_V2_002012_20260728,B12
DEFLATE_L8_P2,8,2,99.62,54.83,6.319,1.032,S2-16D_V2_002012_20260728,B12
DEFLATE_L9_P2,9,2,96.44,56.27,16.635,1.017,S2-16D_V2_002012_20260728,B12
RAW_SemComp,0,0,220.51,0.0,0.0,0.419,S2-16D_V2_002011_20260728,B03
DEFLATE_L1_P2,1,2,48.13,78.17,1.602,0.849,S2-16D_V2_002011_20260728,B03
DEFLATE_L2_P2,2,2,49.38,77.61,1.824,0.807,S2-16D_V2_002011_20260728,B03
DEFLATE_L3_P2,3,2,49.38,77.6,1.831,0.804,S2-16D_V2_002011_20260728,B03
DEFLATE_L5_P2,5,2,49.18,77.7,2.017,0.828,S2-16D_V2_002011_20260728,B03
DEFLATE_L6_P2,6,2,49.18,77.7,2.119,0.81,S2-16D_V2_002011_20260728,B03
DEFLATE_L7_P2,7,2,49.16,77.71,2.434,0.762,S2-16D_V2_002011_20260728,B03
DEFLATE_L8_P2,8,2,49.16,77.71,2.365,0.807,S2-16D_V2_002011_20260728,B03
DEFLATE_L9_P2,9,2,48.19,78.15,8.415,0.817,S2-16D_V2_002011_20260728,B03
RAW_SemComp,0,0,220.51,0.0,0.0,0.427,S2-16D_V2_001014_20260728,B07
DEFLATE_L1_P2,1,2,35.01,84.12,1.276,0.699,S2-16D_V2_001014_20260728,B07
DEFLATE_L2_P2,2,2,36.02,83.67,1.437,0.644,S2-16D_V2_001014_20260728,B07
DEFLATE_L3_P2,3,2,36.02,83.67,1.545,0.728,S2-16D_V2_001014_20260728,B07
DEFLATE_L5_P2,5,2,36.13,83.61,1.545,0.656,S2-16D_V2_001014_20260728,B07
DEFLATE_L6_P2,6,2,36.13,83.61,1.511,0.651,S2-16D_V2_001014_20260728,B07
DEFLATE_L7_P2,7,2,36.11,83.62,1.879,0.722,S2-16D_V2_001014_20260728,B07
DEFLATE_L8_P2,8,2,36.11,83.62,1.812,0.737,S2-16D_V2_001014_20260728,B07
DEFLATE_L9_P2,9,2,35.28,84.0,7.36,0.757,S2-16D_V2_001014_20260728,B07
RAW_SemComp,0,0,220.51,0.0,0.0,0.418,S2-16D_V2_001014_20260728,B8A
DEFLATE_L1_P2,1,2,35.07,84.1,1.296,0.691,S2-16D_V2_001014_20260728,B8A
DEFLATE_L2_P2,2,2,36.06,83.65,1.441,0.661,S2-16D_V2_001014_20260728,B8A
DEFLATE_L3_P2,3,2,36.07,83.64,1.441,0.648,S2-16D_V2_001014_20260728,B8A
DEFLATE_L5_P2,5,2,36.18,83.59,1.494,0.628,S2-16D_V2_001014_20260728,B8A
DEFLATE_L6_P2,6,2,36.18,83.59,1.532,0.674,S2-16D_V2_001014_20260728,B8A
DEFLATE_L7_P2,7,2,36.16,83.6,1.783,0.706,S2-16D_V2_001014_20260728,B8A
DEFLATE_L8_P2,8,2,36.16,83.6,1.803,0.725,S2-16D_V2_001014_20260728,B8A
DEFLATE_L9_P2,9,2,35.34,83.98,7.067,0.686,S2-16D_V2_001014_20260728,B8A
RAW_SemComp,0,0,220.51,0.0,0.0,0.426,S2-16D_V2_002011_20260728,B08
DEFLATE_L1_P2,1,2,55.88,74.66,1.643,0.802,S2-16D_V2_002011_20260728,B08
DEFLATE_L2_P2,2,2,57.27,74.03,2.048,0.843,S2-16D_V2_002011_20260728,B08
DEFLATE_L3_P2,3,2,57.27,74.03,1.942,0.827,S2-16D_V2_002011_20260728,B08
DEFLATE_L5_P2,5,2,57.55,73.9,2.021,0.859,S2-16D_V2_002011_20260728,B08
DEFLATE_L6_P2,6,2,57.55,73.9,2.134,0.905,S2-16D_V2_002011_20260728,B08
DEFLATE_L7_P2,7,2,57.53,73.91,2.37,0.883,S2-16D_V2_002011_20260728,B08
DEFLATE_L8_P2,8,2,57.53,73.91,2.409,0.817,S2-16D_V2_002011_20260728,B08
DEFLATE_L9_P2,9,2,55.96,74.62,7.22,0.746,S2-16D_V2_002011_20260728,B08
RAW_SemComp,0,0,110.26,0.0,0.0,0.213,S2-16D_V2_002012_20260728,SCL
DEFLATE_L1_P2,1,2,0.92,99.17,0.454,0.293,S2-16D_V2_002012_20260728,SCL
DEFLATE_L2_P2,2,2,0.91,99.17,0.494,0.284,S2-16D_V2_002012_20260728,SCL
DEFLATE_L3_P2,3,2,0.9,99.18,0.473,0.226,S2-16D_V2_002012_20260728,SCL
DEFLATE_L5_P2,5,2,0.88,99.2,0.444,0.227,S2-16D_V2_002012_20260728,SCL
DEFLATE_L6_P2,6,2,0.87,99.21,0.511,0.272,S2-16D_V2_002012_20260728,SCL
DEFLATE_L7_P2,7,2,0.81,99.26,0.933,0.233,S2-16D_V2_002012_20260728,SCL
DEFLATE_L8_P2,8,2,0.79,99.28,1.027,0.272,S2-16D_V2_002012_20260728,SCL
DEFLATE_L9_P2,9,2,0.81,99.26,8.381,0.282,S2-16D_V2_002012_20260728,SCL
RAW_SemComp,0,0,220.51,0.0,0.0,0.37,S2-16D_V2_002012_20260728,B03
DEFLATE_L1_P2,1,2,115.35,47.69,2.533,1.153,S2-16D_V2_002012_20260728,B03
DEFLATE_L2_P2,2,2,117.91,46.53,2.979,1.088,S2-16D_V2_002012_20260728,B03
DEFLATE_L3_P2,3,2,117.92,46.52,3.065,1.123,S2-16D_V2_002012_20260728,B03
DEFLATE_L5_P2,5,2,117.61,46.66,4.07,1.111,S2-16D_V2_002012_20260728,B03
DEFLATE_L6_P2,6,2,117.61,46.66,4.038,1.086,S2-16D_V2_002012_20260728,B03
DEFLATE_L7_P2,7,2,117.61,46.66,4.559,1.051,S2-16D_V2_002012_20260728,B03
DEFLATE_L8_P2,8,2,117.61,46.66,4.61,1.084,S2-16D_V2_002012_20260728,B03
DEFLATE_L9_P2,9,2,115.16,47.77,12.48,1.118,S2-16D_V2_002012_20260728,B03
RAW_SemComp,0,0,220.51,0.0,0.0,0.402,S2-16D_V2_002011_20260728,B11
DEFLATE_L1_P2,1,2,47.43,78.49,1.511,0.789,S2-16D_V2_002011_20260728,B11
DEFLATE_L2_P2,2,2,48.17,78.15,1.744,0.785,S2-16D_V2_002011_20260728,B11
DEFLATE_L3_P2,3,2,48.18,78.15,1.841,0.861,S2-16D_V2_002011_20260728,B11
DEFLATE_L5_P2,5,2,48.21,78.14,2.116,0.796,S2-16D_V2_002011_20260728,B11
DEFLATE_L6_P2,6,2,48.21,78.14,2.143,0.789,S2-16D_V2_002011_20260728,B11
DEFLATE_L7_P2,7,2,48.17,78.15,2.401,0.772,S2-16D_V2_002011_20260728,B11
DEFLATE_L8_P2,8,2,48.17,78.15,2.413,0.809,S2-16D_V2_002011_20260728,B11
DEFLATE_L9_P2,9,2,47.12,78.63,8.771,0.84,S2-16D_V2_002011_20260728,B11
RAW_SemComp,0,0,220.51,0.0,0.0,0.424,S2-16D_V2_001014_20260728,B04
DEFLATE_L1_P2,1,2,28.6,87.03,1.259,0.75,S2-16D_V2_001014_20260728,B04
DEFLATE_L2_P2,2,2,28.93,86.88,1.499,0.741,S2-16D_V2_001014_20260728,B04
DEFLATE_L3_P2,3,2,28.93,86.88,1.487,0.661,S2-16D_V2_001014_20260728,B04
DEFLATE_L5_P2,5,2,29.04,86.83,1.735,0.707,S2-16D_V2_001014_20260728,B04
DEFLATE_L6_P2,6,2,29.04,86.83,1.671,0.708,S2-16D_V2_001014_20260728,B04
DEFLATE_L7_P2,7,2,29.04,86.83,2.122,0.69,S2-16D_V2_001014_20260728,B04
DEFLATE_L8_P2,8,2,29.04,86.83,2.039,0.694,S2-16D_V2_001014_20260728,B04
DEFLATE_L9_P2,9,2,28.33,87.15,8.374,0.728,S2-16D_V2_001014_20260728,B04
RAW_SemComp,0,0,220.51,0.0,0.0,0.404,S2-16D_V2_002011_20260728,B02
DEFLATE_L1_P2,1,2,44.85,79.66,1.381,0.766,S2-16D_V2_002011_20260728,B02
DEFLATE_L2_P2,2,2,45.46,79.38,1.729,0.816,S2-16D_V2_002011_20260728,B02
DEFLATE_L3_P2,3,2,45.46,79.38,1.879,0.809,S2-16D_V2_002011_20260728,B02
DEFLATE_L5_P2,5,2,45.59,79.33,2.267,0.764,S2-16D_V2_002011_20260728,B02
DEFLATE_L6_P2,6,2,45.59,79.33,2.221,0.798,S2-16D_V2_002011_20260728,B02
DEFLATE_L7_P2,7,2,45.54,79.35,2.725,0.754,S2-16D_V2_002011_20260728,B02
DEFLATE_L8_P2,8,2,45.54,79.35,2.661,0.75,S2-16D_V2_002011_20260728,B02
DEFLATE_L9_P2,9,2,44.32,79.9,9.232,0.795,S2-16D_V2_002011_20260728,B02
RAW_SemComp,0,0,220.51,0.0,0.0,0.36,S2-16D_V2_002012_20260728,B11
DEFLATE_L1_P2,1,2,113.07,48.72,2.368,1.126,S2-16D_V2_002012_20260728,B11
DEFLATE_L2_P2,2,2,114.46,48.09,3.081,1.114,S2-16D_V2_002012_20260728,B11
DEFLATE_L3_P2,3,2,114.47,48.09,3.187,1.07,S2-16D_V2_002012_20260728,B11
DEFLATE_L5_P2,5,2,115.0,47.85,4.08,1.159,S2-16D_V2_002012_20260728,B11
DEFLATE_L6_P2,6,2,115.0,47.85,4.153,1.053,S2-16D_V2_002012_20260728,B11
DEFLATE_L7_P2,7,2,114.98,47.86,4.865,1.119,S2-16D_V2_002012_20260728,B11
DEFLATE_L8_P2,8,2,114.98,47.86,4.815,1.022,S2-16D_V2_002012_20260728,B11
DEFLATE_L9_P2,9,2,112.08,49.18,13.052,1.095,S2-16D_V2_002012_20260728,B11
RAW_SemComp,0,0,220.51,0.0,0.0,0.365,S2-16D_V2_001014_20260728,EVI
DEFLATE_L1_P2,1,2,37.39,83.04,1.36,0.668,S2-16D_V2_001014_20260728,EVI
DEFLATE_L2_P2,2,2,38.25,82.65,1.64,0.674,S2-16D_V2_001014_20260728,EVI
DEFLATE_L3_P2,3,2,38.25,82.65,1.566,0.685,S2-16D_V2_001014_20260728,EVI
DEFLATE_L5_P2,5,2,38.48,82.55,1.695,0.716,S2-16D_V2_001014_20260728,EVI
DEFLATE_L6_P2,6,2,38.48,82.55,1.675,0.683,S2-16D_V2_001014_20260728,EVI
DEFLATE_L7_P2,7,2,38.47,82.56,2.106,0.689,S2-16D_V2_001014_20260728,EVI
DEFLATE_L8_P2,8,2,38.24,82.66,2.172,0.681,S2-16D_V2_001014_20260728,EVI
DEFLATE_L9_P2,9,2,37.51,82.99,10.612,0.681,S2-16D_V2_001014_20260728,EVI
RAW_SemComp,0,0,220.51,0.0,0.0,0.376,S2-16D_V2_002012_20260728,B09
DEFLATE_L1_P2,1,2,83.22,62.26,1.904,1.007,S2-16D_V2_002012_20260728,B09
DEFLATE_L2_P2,2,2,80.18,63.64,2.663,0.885,S2-16D_V2_002012_20260728,B09
DEFLATE_L3_P2,3,2,78.8,64.27,3.023,0.931,S2-16D_V2_002012_20260728,B09
DEFLATE_L5_P2,5,2,78.36,64.47,4.035,0.945,S2-16D_V2_002012_20260728,B09
DEFLATE_L6_P2,6,2,76.41,65.35,7.255,0.96,S2-16D_V2_002012_20260728,B09
DEFLATE_L7_P2,7,2,75.46,65.78,9.978,0.965,S2-16D_V2_002012_20260728,B09
DEFLATE_L8_P2,8,2,75.45,65.78,10.152,0.941,S2-16D_V2_002012_20260728,B09
DEFLATE_L9_P2,9,2,72.29,67.22,26.416,0.96,S2-16D_V2_002012_20260728,B09
RAW_SemComp,0,0,220.51,0.0,0.0,0.414,S2-16D_V2_001014_20260728,B08
DEFLATE_L1_P2,1,2,37.86,82.83,1.302,0.707,S2-16D_V2_001014_20260728,B08
DEFLATE_L2_P2,2,2,38.64,82.48,1.622,0.702,S2-16D_V2_001014_20260728,B08
DEFLATE_L3_P2,3,2,38.64,82.48,1.617,0.695,S2-16D_V2_001014_20260728,B08
DEFLATE_L5_P2,5,2,38.88,82.37,1.595,0.719,S2-16D_V2_001014_20260728,B08
DEFLATE_L6_P2,6,2,38.88,82.37,1.709,0.805,S2-16D_V2_001014_20260728,B08
DEFLATE_L7_P2,7,2,38.87,82.37,1.944,0.782,S2-16D_V2_001014_20260728,B08
DEFLATE_L8_P2,8,2,38.87,82.37,1.964,0.781,S2-16D_V2_001014_20260728,B08
DEFLATE_L9_P2,9,2,37.94,82.8,7.404,0.733,S2-16D_V2_001014_20260728,B08
RAW_SemComp,0,0,220.51,0.0,0.0,0.347,S2-16D_V2_002012_20260728,NDVI
DEFLATE_L1_P2,1,2,133.17,39.61,2.77,1.112,S2-16D_V2_002012_20260728,NDVI
DEFLATE_L2_P2,2,2,137.17,37.8,3.492,1.21,S2-16D_V2_002012_20260728,NDVI
DEFLATE_L3_P2,3,2,137.17,37.8,3.369,1.177,S2-16D_V2_002012_20260728,NDVI
DEFLATE_L5_P2,5,2,137.78,37.52,3.92,1.203,S2-16D_V2_002012_20260728,NDVI
DEFLATE_L6_P2,6,2,137.78,37.52,3.822,1.076,S2-16D_V2_002012_20260728,NDVI
DEFLATE_L7_P2,7,2,137.73,37.54,4.335,1.138,S2-16D_V2_002012_20260728,NDVI
DEFLATE_L8_P2,8,2,137.69,37.56,4.297,1.116,S2-16D_V2_002012_20260728,NDVI
DEFLATE_L9_P2,9,2,133.61,39.41,9.767,0.979,S2-16D_V2_002012_20260728,NDVI
RAW_SemComp,0,0,110.26,0.0,0.0,0.253,S2-16D_V2_002011_20260728,SCL
DEFLATE_L1_P2,1,2,0.88,99.2,0.505,0.332,S2-16D_V2_002011_20260728,SCL
DEFLATE_L2_P2,2,2,0.87,99.22,0.532,0.325,S2-16D_V2_002011_20260728,SCL
DEFLATE_L3_P2,3,2,0.85,99.23,0.507,0.284,S2-16D_V2_002011_20260728,SCL
DEFLATE_L5_P2,5,2,0.82,99.26,0.474,0.283,S2-16D_V2_002011_20260728,SCL
DEFLATE_L6_P2,6,2,0.8,99.28,0.578,0.329,S2-16D_V2_002011_20260728,SCL
DEFLATE_L7_P2,7,2,0.75,99.32,0.857,0.279,S2-16D_V2_002011_20260728,SCL
DEFLATE_L8_P2,8,2,0.72,99.35,1.043,0.34,S2-16D_V2_002011_20260728,SCL
DEFLATE_L9_P2,9,2,0.73,99.34,6.337,0.315,S2-16D_V2_002011_20260728,SCL
RAW_SemComp,0,0,220.51,0.0,0.0,0.377,S2-16D_V2_002012_20260728,B8A
DEFLATE_L1_P2,1,2,129.12,41.45,2.671,1.033,S2-16D_V2_002012_20260728,B8A
DEFLATE_L2_P2,2,2,132.73,39.81,3.046,1.089,S2-16D_V2_002012_20260728,B8A
DEFLATE_L3_P2,3,2,132.73,39.81,3.041,1.075,S2-16D_V2_002012_20260728,B8A
DEFLATE_L5_P2,5,2,132.94,39.71,3.573,1.061,S2-16D_V2_002012_20260728,B8A
DEFLATE_L6_P2,6,2,132.94,39.71,3.589,1.074,S2-16D_V2_002012_20260728,B8A
DEFLATE_L7_P2,7,2,132.86,39.75,4.026,1.105,S2-16D_V2_002012_20260728,B8A
DEFLATE_L8_P2,8,2,132.86,39.75,4.086,1.082,S2-16D_V2_002012_20260728,B8A
DEFLATE_L9_P2,9,2,130.22,40.95,9.64,1.076,S2-16D_V2_002012_20260728,B8A
RAW_SemComp,0,0,220.51,0.0,0.0,0.437,S2-16D_V2_002011_20260728,B05
DEFLATE_L1_P2,1,2,45.81,79.23,1.578,0.856,S2-16D_V2_002011_20260728,B05
DEFLATE_L2_P2,2,2,46.37,78.97,1.897,0.8,S2-16D_V2_002011_20260728,B05
DEFLATE_L3_P2,3,2,46.38,78.97,1.861,0.801,S2-16D_V2_002011_20260728,B05
DEFLATE_L5_P2,5,2,46.58,78.88,2.15,0.773,S2-16D_V2_002011_20260728,B05
DEFLATE_L6_P2,6,2,46.58,78.88,2.084,0.819,S2-16D_V2_002011_20260728,B05
DEFLATE_L7_P2,7,2,46.54,78.89,2.653,0.751,S2-16D_V2_002011_20260728,B05
DEFLATE_L8_P2,8,2,46.54,78.89,2.511,0.821,S2-16D_V2_002011_20260728,B05
DEFLATE_L9_P2,9,2,45.34,79.44,9.199,0.798,S2-16D_V2_002011_20260728,B05
RAW_SemComp,0,0,220.51,0.0,0.0,0.371,S2-16D_V2_002012_20260728,EVI
DEFLATE_L1_P2,1,2,136.35,38.17,2.599,0.999,S2-16D_V2_002012_20260728,EVI
DEFLATE_L2_P2,2,2,139.72,36.64,3.392,1.232,S2-16D_V2_002012_20260728,EVI
DEFLATE_L3_P2,3,2,139.72,36.64,3.459,1.173,S2-16D_V2_002012_20260728,EVI
DEFLATE_L5_P2,5,2,140.58,36.25,3.743,1.122,S2-16D_V2_002012_20260728,EVI
DEFLATE_L6_P2,6,2,140.58,36.25,3.787,1.183,S2-16D_V2_002012_20260728,EVI
DEFLATE_L7_P2,7,2,140.52,36.28,4.251,1.13,S2-16D_V2_002012_20260728,EVI
DEFLATE_L8_P2,8,2,140.49,36.29,4.201,1.117,S2-16D_V2_002012_20260728,EVI
DEFLATE_L9_P2,9,2,136.74,37.99,9.948,1.085,S2-16D_V2_002012_20260728,EVI
RAW_SemComp,0,0,220.51,0.0,0.0,0.381,S2-16D_V2_002012_20260728,B07
DEFLATE_L1_P2,1,2,128.29,41.82,2.755,1.127,S2-16D_V2_002012_20260728,B07
DEFLATE_L2_P2,2,2,131.89,40.19,3.315,1.188,S2-16D_V2_002012_20260728,B07
DEFLATE_L3_P2,3,2,131.9,40.19,3.354,1.155,S2-16D_V2_002012_20260728,B07
DEFLATE_L5_P2,5,2,132.05,40.12,3.876,1.102,S2-16D_V2_002012_20260728,B07
DEFLATE_L6_P2,6,2,132.05,40.12,3.793,1.104,S2-16D_V2_002012_20260728,B07
DEFLATE_L7_P2,7,2,131.95,40.16,4.169,1.035,S2-16D_V2_002012_20260728,B07
DEFLATE_L8_P2,8,2,131.95,40.16,4.188,1.112,S2-16D_V2_002012_20260728,B07
DEFLATE_L9_P2,9,2,129.39,41.32,10.259,1.125,S2-16D_V2_002012_20260728,B07
RAW_SemComp,0,0,220.51,0.0,0.0,0.365,S2-16D_V2_002011_20260728,NBR
DEFLATE_L1_P2,1,2,52.55,76.17,1.624,0.774,S2-16D_V2_002011_20260728,NBR
DEFLATE_L2_P2,2,2,53.84,75.58,1.868,0.765,S2-16D_V2_002011_20260728,NBR
DEFLATE_L3_P2,3,2,53.84,75.58,1.77,0.73,S2-16D_V2_002011_20260728,NBR
DEFLATE_L5_P2,5,2,53.82,75.59,1.931,0.733,S2-16D_V2_002011_20260728,NBR
DEFLATE_L6_P2,6,2,53.82,75.59,1.927,0.769,S2-16D_V2_002011_20260728,NBR
DEFLATE_L7_P2,7,2,53.78,75.61,2.593,0.791,S2-16D_V2_002011_20260728,NBR
DEFLATE_L8_P2,8,2,53.58,75.7,2.628,0.723,S2-16D_V2_002011_20260728,NBR
DEFLATE_L9_P2,9,2,52.82,76.05,10.462,0.776,S2-16D_V2_002011_20260728,NBR
RAW_SemComp,0,0,220.51,0.0,0.0,0.425,S2-16D_V2_001014_20260728,B05
DEFLATE_L1_P2,1,2,29.26,86.73,1.291,0.75,S2-16D_V2_001014_20260728,B05
DEFLATE_L2_P2,2,2,29.52,86.61,1.497,0.676,S2-16D_V2_001014_20260728,B05
DEFLATE_L3_P2,3,2,29.52,86.61,1.515,0.709,S2-16D_V2_001014_20260728,B05
DEFLATE_L5_P2,5,2,29.73,86.52,1.634,0.689,S2-16D_V2_001014_20260728,B05
DEFLATE_L6_P2,6,2,29.73,86.52,1.649,0.68,S2-16D_V2_001014_20260728,B05
DEFLATE_L7_P2,7,2,29.73,86.52,2.096,0.74,S2-16D_V2_001014_20260728,B05
DEFLATE_L8_P2,8,2,29.73,86.52,2.09,0.74,S2-16D_V2_001014_20260728,B05
DEFLATE_L9_P2,9,2,28.94,86.88,8.041,0.677,S2-16D_V2_001014_20260728,B05
RAW_SemComp,0,0,220.51,0.0,0.0,0.376,S2-16D_V2_002012_20260728,B06
DEFLATE_L1_P2,1,2,126.05,42.84,2.594,1.081,S2-16D_V2_002012_20260728,B06
DEFLATE_L2_P2,2,2,129.43,41.31,3.073,1.118,S2-16D_V2_002012_20260728,B06
DEFLATE_L3_P2,3,2,129.44,41.3,3.156,1.052,S2-16D_V2_002012_20260728,B06
DEFLATE_L5_P2,5,2,129.44,41.3,3.682,1.039,S2-16D_V2_002012_20260728,B06
DEFLATE_L6_P2,6,2,129.44,41.3,3.713,1.087,S2-16D_V2_002012_20260728,B06
DEFLATE_L7_P2,7,2,129.36,41.34,4.418,1.088,S2-16D_V2_002012_20260728,B06
DEFLATE_L8_P2,8,2,129.36,41.34,4.224,1.095,S2-16D_V2_002012_20260728,B06
DEFLATE_L9_P2,9,2,127.18,42.32,10.047,1.083,S2-16D_V2_002012_20260728,B06
RAW_SemComp,0,0,220.51,0.0,0.0,0.417,S2-16D_V2_002011_20260728,B8A
DEFLATE_L1_P2,1,2,52.38,76.25,1.532,0.759,S2-16D_V2_002011_20260728,B8A
DEFLATE_L2_P2,2,2,53.76,75.62,1.828,0.814,S2-16D_V2_002011_20260728,B8A
DEFLATE_L3_P2,3,2,53.76,75.62,1.852,0.848,S2-16D_V2_002011_20260728,B8A
DEFLATE_L5_P2,5,2,53.82,75.59,1.974,0.832,S2-16D_V2_002011_20260728,B8A
DEFLATE_L6_P2,6,2,53.82,75.59,2.011,0.834,S2-16D_V2_002011_20260728,B8A
DEFLATE_L7_P2,7,2,53.79,75.61,2.292,0.792,S2-16D_V2_002011_20260728,B8A
DEFLATE_L8_P2,8,2,53.79,75.61,2.264,0.793,S2-16D_V2_002011_20260728,B8A
DEFLATE_L9_P2,9,2,52.86,76.03,7.573,0.823,S2-16D_V2_002011_20260728,B8A
RAW_SemComp,0,0,220.51,0.0,0.0,0.433,S2-16D_V2_001014_20260728,B01
DEFLATE_L1_P2,1,2,10.92,95.05,1.044,0.7,S2-16D_V2_001014_20260728,B01
DEFLATE_L2_P2,2,2,10.41,95.28,1.227,0.626,S2-16D_V2_001014_20260728,B01
DEFLATE_L3_P2,3,2,9.89,95.51,1.355,0.697,S2-16D_V2_001014_20260728,B01
DEFLATE_L5_P2,5,2,9.66,95.62,1.483,0.635,S2-16D_V2_001014_20260728,B01
DEFLATE_L6_P2,6,2,9.03,95.91,2.585,0.688,S2-16D_V2_001014_20260728,B01
DEFLATE_L7_P2,7,2,8.82,96.0,5.778,0.654,S2-16D_V2_001014_20260728,B01
DEFLATE_L8_P2,8,2,8.7,96.05,9.642,0.682,S2-16D_V2_001014_20260728,B01
DEFLATE_L9_P2,9,2,7.85,96.44,20.403,0.686,S2-16D_V2_001014_20260728,B01
