Algoritmo,Level,Predictor,Tamanho_Final_MB,Taxa_Compressao (%),Tempo_Compressao_segundos,Tempo_Leitura_segundos,Cena,Banda
RAW_SemComp,0,0,220.51,0.0,0.0,0.551,S2-16D_V2_002011_20260728,EVI
ZSTD_L01_P2,1,2,55.41,74.87,0.875,0.609,S2-16D_V2_002011_20260728,EVI
ZSTD_L03_P2,3,2,55.42,74.87,0.471,1.233,S2-16D_V2_002011_20260728,EVI
ZSTD_L05_P2,5,2,55.4,74.88,2.325,2.658,S2-16D_V2_002011_20260728,EVI
ZSTD_L07_P2,7,2,55.4,74.88,0.806,0.534,S2-16D_V2_002011_20260728,EVI
ZSTD_L09_P2,9,2,55.4,74.88,0.909,0.64,S2-16D_V2_002011_20260728,EVI
ZSTD_L11_P2,11,2,55.4,74.88,1.418,0.628,S2-16D_V2_002011_20260728,EVI
ZSTD_L13_P2,13,2,55.22,74.96,5.562,0.648,S2-16D_V2_002011_20260728,EVI
ZSTD_L15_P2,15,2,55.22,74.96,6.476,0.644,S2-16D_V2_002011_20260728,EVI
RAW_SemComp,0,0,110.26,0.0,0.0,1.498,S2-16D_V2_001014_20260728,SCL
ZSTD_L01_P2,1,2,0.21,99.81,0.185,0.279,S2-16D_V2_001014_20260728,SCL
ZSTD_L03_P2,3,2,0.11,99.9,0.181,0.232,S2-16D_V2_001014_20260728,SCL
ZSTD_L05_P2,5,2,0.1,99.91,0.271,0.336,S2-16D_V2_001014_20260728,SCL
ZSTD_L07_P2,7,2,0.1,99.91,0.439,0.222,S2-16D_V2_001014_20260728,SCL
ZSTD_L09_P2,9,2,0.09,99.91,0.592,0.269,S2-16D_V2_001014_20260728,SCL
ZSTD_L11_P2,11,2,0.09,99.91,0.267,0.247,S2-16D_V2_001014_20260728,SCL
ZSTD_L13_P2,13,2,0.09,99.91,0.274,0.327,S2-16D_V2_001014_20260728,SCL
ZSTD_L15_P2,15,2,0.09,99.91,0.6,0.31,S2-16D_V2_001014_20260728,SCL
RAW_SemComp,0,0,220.51,0.0,0.0,1.308,S2-16D_V2_001014_20260728,B02
ZSTD_L01_P2,1,2,29.54,86.6,0.867,4.902,S2-16D_V2_001014_20260728,B02
ZSTD_L03_P2,3,2,27.03,87.74,6.581,0.616,S2-16D_V2_001014_20260728,B02
ZSTD_L05_P2,5,2,26.84,87.83,2.493,1.167,S2-16D_V2_001014_20260728,B02
ZSTD_L07_P2,7,2,26.83,87.83,1.438,1.861,S2-16D_V2_001014_20260728,B02
ZSTD_L09_P2,9,2,26.82,87.84,5.073,0.621,S2-16D_V2_001014_20260728,B02
ZSTD_L11_P2,11,2,26.82,87.84,2.838,0.628,S2-16D_V2_001014_20260728,B02
ZSTD_L13_P2,13,2,26.82,87.84,4.903,0.615,S2-16D_V2_001014_20260728,B02
ZSTD_L15_P2,15,2,26.82,87.84,4.958,0.646,S2-16D_V2_001014_20260728,B02
RAW_SemComp,0,0,220.51,0.0,0.0,0.457,S2-16D_V2_002011_20260728,B04
ZSTD_L01_P2,1,2,46.99,78.69,0.437,0.625,S2-16D_V2_002011_20260728,B04
ZSTD_L03_P2,3,2,44.27,79.92,1.204,0.566,S2-16D_V2_002011_20260728,B04
ZSTD_L05_P2,5,2,43.96,80.06,1.59,0.671,S2-16D_V2_002011_20260728,B04
ZSTD_L07_P2,7,2,43.96,80.07,1.816,0.665,S2-16D_V2_002011_20260728,B04
ZSTD_L09_P2,9,2,43.94,80.07,2.434,0.684,S2-16D_V2_002011_20260728,B04
ZSTD_L11_P2,11,2,43.94,80.07,3.824,0.654,S2-16D_V2_002011_20260728,B04
ZSTD_L13_P2,13,2,43.94,80.07,6.777,0.714,S2-16D_V2_002011_20260728,B04
ZSTD_L15_P2,15,2,43.94,80.07,15.713,3.289,S2-16D_V2_002011_20260728,B04
RAW_SemComp,0,0,220.51,0.0,0.0,0.431,S2-16D_V2_001014_20260728,B12
ZSTD_L01_P2,1,2,29.71,86.53,0.487,0.565,S2-16D_V2_001014_20260728,B12
ZSTD_L03_P2,3,2,26.61,87.93,0.823,0.604,S2-16D_V2_001014_20260728,B12
ZSTD_L05_P2,5,2,26.45,88.0,1.156,0.584,S2-16D_V2_001014_20260728,B12
ZSTD_L07_P2,7,2,26.4,88.03,1.438,0.634,S2-16D_V2_001014_20260728,B12
ZSTD_L09_P2,9,2,26.37,88.04,1.929,0.776,S2-16D_V2_001014_20260728,B12
ZSTD_L11_P2,11,2,26.37,88.04,7.479,1.03,S2-16D_V2_001014_20260728,B12
ZSTD_L13_P2,13,2,26.37,88.04,6.863,0.659,S2-16D_V2_001014_20260728,B12
ZSTD_L15_P2,15,2,26.37,88.04,5.039,0.675,S2-16D_V2_001014_20260728,B12
RAW_SemComp,0,0,220.51,0.0,0.0,1.381,S2-16D_V2_002011_20260728,B09
ZSTD_L01_P2,1,2,38.84,82.39,3.406,6.383,S2-16D_V2_002011_20260728,B09
ZSTD_L03_P2,3,2,35.76,83.78,11.519,1.158,S2-16D_V2_002011_20260728,B09
ZSTD_L05_P2,5,2,35.41,83.94,3.247,0.886,S2-16D_V2_002011_20260728,B09
ZSTD_L07_P2,7,2,34.71,84.26,6.363,0.652,S2-16D_V2_002011_20260728,B09
ZSTD_L09_P2,9,2,34.37,84.41,2.803,0.621,S2-16D_V2_002011_20260728,B09
ZSTD_L11_P2,11,2,34.01,84.57,4.272,0.603,S2-16D_V2_002011_20260728,B09
ZSTD_L13_P2,13,2,33.97,84.6,7.569,0.633,S2-16D_V2_002011_20260728,B09
ZSTD_L15_P2,15,2,33.95,84.6,7.771,0.663,S2-16D_V2_002011_20260728,B09
RAW_SemComp,0,0,220.51,0.0,0.0,0.428,S2-16D_V2_002012_20260728,B08
ZSTD_L01_P2,1,2,139.47,36.75,2.237,0.992,S2-16D_V2_002012_20260728,B08
ZSTD_L03_P2,3,2,139.48,36.75,0.855,0.748,S2-16D_V2_002012_20260728,B08
ZSTD_L05_P2,5,2,139.47,36.75,2.269,3.181,S2-16D_V2_002012_20260728,B08
ZSTD_L07_P2,7,2,139.46,36.76,1.842,0.727,S2-16D_V2_002012_20260728,B08
ZSTD_L09_P2,9,2,139.46,36.76,1.131,0.667,S2-16D_V2_002012_20260728,B08
ZSTD_L11_P2,11,2,139.46,36.76,1.533,0.747,S2-16D_V2_002012_20260728,B08
ZSTD_L13_P2,13,2,139.37,36.8,11.461,0.767,S2-16D_V2_002012_20260728,B08
ZSTD_L15_P2,15,2,139.37,36.8,18.62,3.757,S2-16D_V2_002012_20260728,B08
RAW_SemComp,0,0,220.51,0.0,0.0,0.419,S2-16D_V2_002011_20260728,B06
ZSTD_L01_P2,1,2,52.06,76.39,0.41,0.562,S2-16D_V2_002011_20260728,B06
ZSTD_L03_P2,3,2,50.88,76.93,1.089,0.51,S2-16D_V2_002011_20260728,B06
ZSTD_L05_P2,5,2,50.16,77.26,1.586,0.634,S2-16D_V2_002011_20260728,B06
ZSTD_L07_P2,7,2,50.14,77.26,1.727,0.609,S2-16D_V2_002011_20260728,B06
ZSTD_L09_P2,9,2,50.14,77.26,2.158,0.632,S2-16D_V2_002011_20260728,B06
ZSTD_L11_P2,11,2,50.14,77.26,3.632,0.673,S2-16D_V2_002011_20260728,B06
ZSTD_L13_P2,13,2,50.07,77.29,6.597,0.648,S2-16D_V2_002011_20260728,B06
ZSTD_L15_P2,15,2,50.07,77.29,7.256,0.631,S2-16D_V2_002011_20260728,B06
RAW_SemComp,0,0,220.51,0.0,0.0,0.424,S2-16D_V2_002012_20260728,B05
ZSTD_L01_P2,1,2,118.03,46.47,0.705,0.756,S2-16D_V2_002012_20260728,B05
ZSTD_L03_P2,3,2,107.45,51.27,2.516,0.912,S2-16D_V2_002012_20260728,B05
ZSTD_L05_P2,5,2,106.67,51.63,3.575,0.919,S2-16D_V2_002012_20260728,B05
ZSTD_L07_P2,7,2,106.63,51.64,4.111,0.93,S2-16D_V2_002012_20260728,B05
ZSTD_L09_P2,9,2,106.57,51.67,5.5,0.944,S2-16D_V2_002012_20260728,B05
ZSTD_L11_P2,11,2,106.57,51.67,16.391,2.178,S2-16D_V2_002012_20260728,B05
ZSTD_L13_P2,13,2,106.57,51.67,21.808,0.884,S2-16D_V2_002012_20260728,B05
ZSTD_L15_P2,15,2,106.57,51.67,19.845,4.304,S2-16D_V2_002012_20260728,B05
RAW_SemComp,0,0,220.51,0.0,0.0,0.936,S2-16D_V2_002012_20260728,NBR
ZSTD_L01_P2,1,2,129.51,41.27,2.881,3.572,S2-16D_V2_002012_20260728,NBR
ZSTD_L03_P2,3,2,125.75,42.97,3.754,0.922,S2-16D_V2_002012_20260728,NBR
ZSTD_L05_P2,5,2,123.84,43.84,7.994,0.77,S2-16D_V2_002012_20260728,NBR
ZSTD_L07_P2,7,2,123.83,43.84,4.007,0.854,S2-16D_V2_002012_20260728,NBR
ZSTD_L09_P2,9,2,123.82,43.85,5.041,0.867,S2-16D_V2_002012_20260728,NBR
ZSTD_L11_P2,11,2,123.82,43.85,8.576,0.831,S2-16D_V2_002012_20260728,NBR
ZSTD_L13_P2,13,2,123.66,43.92,23.081,1.112,S2-16D_V2_002012_20260728,NBR
ZSTD_L15_P2,15,2,123.66,43.92,22.995,0.853,S2-16D_V2_002012_20260728,NBR
RAW_SemComp,0,0,220.51,0.0,0.0,1.486,S2-16D_V2_001014_20260728,B11
ZSTD_L01_P2,1,2,32.71,85.17,0.414,1.537,S2-16D_V2_001014_20260728,B11
ZSTD_L03_P2,3,2,30.44,86.2,1.547,1.593,S2-16D_V2_001014_20260728,B11
ZSTD_L05_P2,5,2,30.1,86.35,1.153,0.54,S2-16D_V2_001014_20260728,B11
ZSTD_L07_P2,7,2,30.09,86.35,1.408,0.634,S2-16D_V2_001014_20260728,B11
ZSTD_L09_P2,9,2,30.08,86.36,1.869,0.642,S2-16D_V2_001014_20260728,B11
ZSTD_L11_P2,11,2,30.08,86.36,2.893,0.583,S2-16D_V2_001014_20260728,B11
ZSTD_L13_P2,13,2,30.08,86.36,6.608,2.611,S2-16D_V2_001014_20260728,B11
ZSTD_L15_P2,15,2,30.08,86.36,11.562,0.641,S2-16D_V2_001014_20260728,B11
RAW_SemComp,0,0,220.51,0.0,0.0,0.437,S2-16D_V2_001014_20260728,B09
ZSTD_L01_P2,1,2,22.95,89.59,0.613,0.625,S2-16D_V2_001014_20260728,B09
ZSTD_L03_P2,3,2,21.24,90.37,0.743,0.545,S2-16D_V2_001014_20260728,B09
ZSTD_L05_P2,5,2,21.03,90.46,1.152,0.652,S2-16D_V2_001014_20260728,B09
ZSTD_L07_P2,7,2,20.48,90.71,1.613,0.607,S2-16D_V2_001014_20260728,B09
ZSTD_L09_P2,9,2,20.24,90.82,2.206,0.565,S2-16D_V2_001014_20260728,B09
ZSTD_L11_P2,11,2,19.91,90.97,3.34,0.562,S2-16D_V2_001014_20260728,B09
ZSTD_L13_P2,13,2,19.85,91.0,10.142,1.053,S2-16D_V2_001014_20260728,B09
ZSTD_L15_P2,15,2,19.84,91.0,8.91,0.514,S2-16D_V2_001014_20260728,B09
RAW_SemComp,0,0,220.51,0.0,0.0,0.359,S2-16D_V2_002012_20260728,B01
ZSTD_L01_P2,1,2,46.4,78.96,1.019,0.778,S2-16D_V2_002012_20260728,B01
ZSTD_L03_P2,3,2,44.54,79.8,1.082,0.692,S2-16D_V2_002012_20260728,B01
ZSTD_L05_P2,5,2,41.76,81.06,2.418,0.806,S2-16D_V2_002012_20260728,B01
ZSTD_L07_P2,7,2,39.94,81.89,4.23,0.737,S2-16D_V2_002012_20260728,B01
ZSTD_L09_P2,9,2,39.68,82.01,11.64,0.708,S2-16D_V2_002012_20260728,B01
ZSTD_L11_P2,11,2,38.6,82.49,10.777,0.752,S2-16D_V2_002012_20260728,B01
ZSTD_L13_P2,13,2,38.44,82.57,27.087,0.697,S2-16D_V2_002012_20260728,B01
ZSTD_L15_P2,15,2,37.6,82.95,36.991,0.724,S2-16D_V2_002012_20260728,B01
RAW_SemComp,0,0,220.51,0.0,0.0,0.878,S2-16D_V2_002012_20260728,B04
ZSTD_L01_P2,1,2,112.67,48.9,0.65,0.691,S2-16D_V2_002012_20260728,B04
ZSTD_L03_P2,3,2,103.83,52.92,7.247,0.823,S2-16D_V2_002012_20260728,B04
ZSTD_L05_P2,5,2,103.14,53.23,3.373,0.925,S2-16D_V2_002012_20260728,B04
ZSTD_L07_P2,7,2,103.13,53.23,4.069,0.918,S2-16D_V2_002012_20260728,B04
ZSTD_L09_P2,9,2,103.1,53.25,5.597,0.893,S2-16D_V2_002012_20260728,B04
ZSTD_L11_P2,11,2,103.1,53.25,8.413,0.873,S2-16D_V2_002012_20260728,B04
ZSTD_L13_P2,13,2,103.09,53.25,30.033,0.935,S2-16D_V2_002012_20260728,B04
ZSTD_L15_P2,15,2,103.09,53.25,18.692,2.717,S2-16D_V2_002012_20260728,B04
RAW_SemComp,0,0,220.51,0.0,0.0,0.421,S2-16D_V2_001014_20260728,B03
ZSTD_L01_P2,1,2,32.31,85.35,0.38,0.558,S2-16D_V2_001014_20260728,B03
ZSTD_L03_P2,3,2,30.81,86.03,0.876,0.616,S2-16D_V2_001014_20260728,B03
ZSTD_L05_P2,5,2,30.33,86.24,2.109,1.874,S2-16D_V2_001014_20260728,B03
ZSTD_L07_P2,7,2,30.32,86.25,5.182,0.849,S2-16D_V2_001014_20260728,B03
ZSTD_L09_P2,9,2,30.32,86.25,2.755,0.582,S2-16D_V2_001014_20260728,B03
ZSTD_L11_P2,11,2,30.31,86.25,7.185,0.501,S2-16D_V2_001014_20260728,B03
ZSTD_L13_P2,13,2,30.31,86.26,4.364,0.599,S2-16D_V2_001014_20260728,B03
ZSTD_L15_P2,15,2,30.31,86.26,5.102,0.59,S2-16D_V2_001014_20260728,B03
RAW_SemComp,0,0,220.51,0.0,0.0,0.353,S2-16D_V2_002011_20260728,B01
ZSTD_L01_P2,1,2,26.24,88.1,0.639,0.655,S2-16D_V2_002011_20260728,B01
ZSTD_L03_P2,3,2,24.79,88.76,0.75,0.608,S2-16D_V2_002011_20260728,B01
ZSTD_L05_P2,5,2,23.79,89.21,1.339,0.657,S2-16D_V2_002011_20260728,B01
ZSTD_L07_P2,7,2,23.03,89.56,2.086,0.623,S2-16D_V2_002011_20260728,B01
ZSTD_L09_P2,9,2,22.82,89.65,2.771,0.667,S2-16D_V2_002011_20260728,B01
ZSTD_L11_P2,11,2,22.38,89.85,4.598,0.65,S2-16D_V2_002011_20260728,B01
ZSTD_L13_P2,13,2,22.3,89.89,8.018,0.601,S2-16D_V2_002011_20260728,B01
ZSTD_L15_P2,15,2,22.19,89.94,30.822,0.667,S2-16D_V2_002011_20260728,B01
RAW_SemComp,0,0,220.51,0.0,0.0,0.411,S2-16D_V2_002011_20260728,B12
ZSTD_L01_P2,1,2,46.51,78.91,0.58,0.881,S2-16D_V2_002011_20260728,B12
ZSTD_L03_P2,3,2,42.6,80.68,3.099,2.564,S2-16D_V2_002011_20260728,B12
ZSTD_L05_P2,5,2,42.25,80.84,1.536,0.67,S2-16D_V2_002011_20260728,B12
ZSTD_L07_P2,7,2,42.16,80.88,1.889,0.658,S2-16D_V2_002011_20260728,B12
ZSTD_L09_P2,9,2,42.12,80.9,2.537,0.634,S2-16D_V2_002011_20260728,B12
ZSTD_L11_P2,11,2,42.12,80.9,3.807,0.637,S2-16D_V2_002011_20260728,B12
ZSTD_L13_P2,13,2,42.12,80.9,6.908,0.711,S2-16D_V2_002011_20260728,B12
ZSTD_L15_P2,15,2,42.12,80.9,7.495,0.679,S2-16D_V2_002011_20260728,B12
RAW_SemComp,0,0,220.51,0.0,0.0,0.72,S2-16D_V2_002012_20260728,B02
ZSTD_L01_P2,1,2,110.68,49.81,1.982,0.639,S2-16D_V2_002012_20260728,B02
ZSTD_L03_P2,3,2,101.48,53.98,2.451,0.85,S2-16D_V2_002012_20260728,B02
ZSTD_L05_P2,5,2,100.91,54.24,3.343,0.822,S2-16D_V2_002012_20260728,B02
ZSTD_L07_P2,7,2,100.88,54.25,3.956,0.845,S2-16D_V2_002012_20260728,B02
ZSTD_L09_P2,9,2,100.84,54.27,9.867,1.106,S2-16D_V2_002012_20260728,B02
ZSTD_L11_P2,11,2,100.84,54.27,10.11,0.853,S2-16D_V2_002012_20260728,B02
ZSTD_L13_P2,13,2,100.84,54.27,23.363,0.899,S2-16D_V2_002012_20260728,B02
ZSTD_L15_P2,15,2,100.84,54.27,23.638,1.436,S2-16D_V2_002012_20260728,B02
RAW_SemComp,0,0,220.51,0.0,0.0,0.605,S2-16D_V2_001014_20260728,NDVI
ZSTD_L01_P2,1,2,35.66,83.83,0.432,0.569,S2-16D_V2_001014_20260728,NDVI
ZSTD_L03_P2,3,2,35.68,83.82,0.653,0.921,S2-16D_V2_001014_20260728,NDVI
ZSTD_L05_P2,5,2,35.62,83.84,1.928,0.564,S2-16D_V2_001014_20260728,NDVI
ZSTD_L07_P2,7,2,35.62,83.85,0.854,0.49,S2-16D_V2_001014_20260728,NDVI
ZSTD_L09_P2,9,2,35.61,83.85,1.015,0.636,S2-16D_V2_001014_20260728,NDVI
ZSTD_L11_P2,11,2,35.61,83.85,1.56,0.564,S2-16D_V2_001014_20260728,NDVI
ZSTD_L13_P2,13,2,35.5,83.9,4.244,0.585,S2-16D_V2_001014_20260728,NDVI
ZSTD_L15_P2,15,2,35.5,83.9,5.127,0.549,S2-16D_V2_001014_20260728,NDVI
RAW_SemComp,0,0,220.51,0.0,0.0,0.471,S2-16D_V2_002011_20260728,B07
ZSTD_L01_P2,1,2,52.55,76.17,0.458,1.292,S2-16D_V2_002011_20260728,B07
ZSTD_L03_P2,3,2,51.82,76.5,3.454,0.669,S2-16D_V2_002011_20260728,B07
ZSTD_L05_P2,5,2,51.14,76.81,1.556,0.603,S2-16D_V2_002011_20260728,B07
ZSTD_L07_P2,7,2,51.12,76.82,1.787,0.709,S2-16D_V2_002011_20260728,B07
ZSTD_L09_P2,9,2,51.12,76.82,2.262,0.692,S2-16D_V2_002011_20260728,B07
ZSTD_L11_P2,11,2,51.12,76.82,3.715,0.673,S2-16D_V2_002011_20260728,B07
ZSTD_L13_P2,13,2,51.03,76.86,6.337,0.681,S2-16D_V2_002011_20260728,B07
ZSTD_L15_P2,15,2,51.03,76.86,7.578,0.669,S2-16D_V2_002011_20260728,B07
RAW_SemComp,0,0,220.51,0.0,0.0,0.511,S2-16D_V2_002011_20260728,NDVI
ZSTD_L01_P2,1,2,54.71,75.19,4.39,1.327,S2-16D_V2_002011_20260728,NDVI
ZSTD_L03_P2,3,2,54.73,75.18,0.525,0.574,S2-16D_V2_002011_20260728,NDVI
ZSTD_L05_P2,5,2,54.56,75.26,2.098,0.816,S2-16D_V2_002011_20260728,NDVI
ZSTD_L07_P2,7,2,54.56,75.26,1.271,1.219,S2-16D_V2_002011_20260728,NDVI
ZSTD_L09_P2,9,2,54.56,75.26,4.458,0.577,S2-16D_V2_002011_20260728,NDVI
ZSTD_L11_P2,11,2,54.56,75.26,2.177,0.568,S2-16D_V2_002011_20260728,NDVI
ZSTD_L13_P2,13,2,54.33,75.36,5.454,0.606,S2-16D_V2_002011_20260728,NDVI
ZSTD_L15_P2,15,2,54.33,75.36,7.272,0.661,S2-16D_V2_002011_20260728,NDVI
RAW_SemComp,0,0,220.51,0.0,0.0,0.556,S2-16D_V2_001014_20260728,NBR
ZSTD_L01_P2,1,2,34.44,84.38,0.604,3.195,S2-16D_V2_001014_20260728,NBR
ZSTD_L03_P2,3,2,33.89,84.63,1.925,0.721,S2-16D_V2_001014_20260728,NBR
ZSTD_L05_P2,5,2,33.4,84.85,1.869,0.573,S2-16D_V2_001014_20260728,NBR
ZSTD_L07_P2,7,2,33.39,84.86,3.095,0.668,S2-16D_V2_001014_20260728,NBR
ZSTD_L09_P2,9,2,33.39,84.86,1.541,0.497,S2-16D_V2_001014_20260728,NBR
ZSTD_L11_P2,11,2,33.39,84.86,2.427,0.549,S2-16D_V2_001014_20260728,NBR
ZSTD_L13_P2,13,2,33.32,84.89,4.341,0.619,S2-16D_V2_001014_20260728,NBR
ZSTD_L15_P2,15,2,33.32,84.89,5.277,0.531,S2-16D_V2_001014_20260728,NBR
RAW_SemComp,0,0,220.51,0.0,0.0,0.44,S2-16D_V2_001014_20260728,B06
ZSTD_L01_P2,1,2,34.41,84.4,0.417,0.59,S2-16D_V2_001014_20260728,B06
ZSTD_L03_P2,3,2,33.92,84.62,0.857,0.57,S2-16D_V2_001014_20260728,B06
ZSTD_L05_P2,5,2,33.45,84.83,1.194,0.536,S2-16D_V2_001014_20260728,B06
ZSTD_L07_P2,7,2,33.44,84.84,1.317,0.595,S2-16D_V2_001014_20260728,B06
ZSTD_L09_P2,9,2,33.43,84.84,1.608,0.583,S2-16D_V2_001014_20260728,B06
ZSTD_L11_P2,11,2,33.43,84.84,2.738,0.566,S2-16D_V2_001014_20260728,B06
ZSTD_L13_P2,13,2,33.36,84.87,4.475,0.6,S2-16D_V2_001014_20260728,B06
ZSTD_L15_P2,15,2,33.36,84.87,9.438,0.589,S2-16D_V2_001014_20260728,B06
RAW_SemComp,0,0,220.51,0.0,0.0,0.644,S2-16D_V2_002012_20260728,B12
ZSTD_L01_P2,1,2,108.49,50.8,1.239,1.83,S2-16D_V2_002012_20260728,B12
ZSTD_L03_P2,3,2,98.35,55.4,5.464,0.8,S2-16D_V2_002012_20260728,B12
ZSTD_L05_P2,5,2,97.38,55.84,3.266,0.906,S2-16D_V2_002012_20260728,B12
ZSTD_L07_P2,7,2,97.07,55.98,4.208,0.89,S2-16D_V2_002012_20260728,B12
ZSTD_L09_P2,9,2,96.98,56.02,5.669,0.874,S2-16D_V2_002012_20260728,B12
ZSTD_L11_P2,11,2,96.96,56.03,8.654,2.55,S2-16D_V2_002012_20260728,B12
ZSTD_L13_P2,13,2,96.96,56.03,31.626,0.904,S2-16D_V2_002012_20260728,B12
ZSTD_L15_P2,15,2,96.96,56.03,28.986,1.51,S2-16D_V2_002012_20260728,B12
RAW_SemComp,0,0,220.51,0.0,0.0,0.413,S2-16D_V2_002011_20260728,B03
ZSTD_L01_P2,1,2,49.4,77.6,0.461,0.587,S2-16D_V2_002011_20260728,B03
ZSTD_L03_P2,3,2,47.45,78.48,1.262,0.596,S2-16D_V2_002011_20260728,B03
ZSTD_L05_P2,5,2,46.85,78.75,1.703,0.677,S2-16D_V2_002011_20260728,B03
ZSTD_L07_P2,7,2,46.85,78.76,1.927,0.669,S2-16D_V2_002011_20260728,B03
ZSTD_L09_P2,9,2,46.84,78.76,2.466,0.651,S2-16D_V2_002011_20260728,B03
ZSTD_L11_P2,11,2,46.84,78.76,3.89,0.692,S2-16D_V2_002011_20260728,B03
ZSTD_L13_P2,13,2,46.83,78.76,6.496,0.654,S2-16D_V2_002011_20260728,B03
ZSTD_L15_P2,15,2,46.83,78.76,18.039,3.626,S2-16D_V2_002011_20260728,B03
RAW_SemComp,0,0,220.51,0.0,0.0,0.895,S2-16D_V2_001014_20260728,B07
ZSTD_L01_P2,1,2,35.01,84.12,0.399,0.565,S2-16D_V2_001014_20260728,B07
ZSTD_L03_P2,3,2,34.93,84.16,0.706,0.485,S2-16D_V2_001014_20260728,B07
ZSTD_L05_P2,5,2,34.57,84.32,1.105,0.596,S2-16D_V2_001014_20260728,B07
ZSTD_L07_P2,7,2,34.56,84.33,1.251,0.585,S2-16D_V2_001014_20260728,B07
ZSTD_L09_P2,9,2,34.55,84.33,1.586,0.536,S2-16D_V2_001014_20260728,B07
ZSTD_L11_P2,11,2,34.55,84.33,2.557,0.622,S2-16D_V2_001014_20260728,B07
ZSTD_L13_P2,13,2,34.43,84.39,4.638,0.639,S2-16D_V2_001014_20260728,B07
ZSTD_L15_P2,15,2,34.43,84.39,5.192,0.504,S2-16D_V2_001014_20260728,B07
RAW_SemComp,0,0,220.51,0.0,0.0,0.433,S2-16D_V2_001014_20260728,B8A
ZSTD_L01_P2,1,2,35.07,84.1,0.396,0.558,S2-16D_V2_001014_20260728,B8A
ZSTD_L03_P2,3,2,34.99,84.13,0.653,0.559,S2-16D_V2_001014_20260728,B8A
ZSTD_L05_P2,5,2,34.65,84.29,1.764,3.256,S2-16D_V2_001014_20260728,B8A
ZSTD_L07_P2,7,2,34.63,84.3,2.145,1.133,S2-16D_V2_001014_20260728,B8A
ZSTD_L09_P2,9,2,34.63,84.3,1.824,1.139,S2-16D_V2_001014_20260728,B8A
ZSTD_L11_P2,11,2,34.63,84.3,3.773,0.559,S2-16D_V2_001014_20260728,B8A
ZSTD_L13_P2,13,2,34.5,84.36,4.609,0.602,S2-16D_V2_001014_20260728,B8A
ZSTD_L15_P2,15,2,34.5,84.36,5.242,0.633,S2-16D_V2_001014_20260728,B8A
RAW_SemComp,0,0,220.51,0.0,0.0,0.845,S2-16D_V2_002011_20260728,B08
ZSTD_L01_P2,1,2,55.72,74.73,0.478,1.405,S2-16D_V2_002011_20260728,B08
ZSTD_L03_P2,3,2,55.73,74.73,0.44,0.488,S2-16D_V2_002011_20260728,B08
ZSTD_L05_P2,5,2,55.73,74.73,0.587,1.478,S2-16D_V2_002011_20260728,B08
ZSTD_L07_P2,7,2,55.72,74.73,2.065,0.663,S2-16D_V2_002011_20260728,B08
ZSTD_L09_P2,9,2,55.72,74.73,0.76,0.612,S2-16D_V2_002011_20260728,B08
ZSTD_L11_P2,11,2,55.72,74.73,1.076,0.604,S2-16D_V2_002011_20260728,B08
ZSTD_L13_P2,13,2,55.66,74.76,11.603,2.179,S2-16D_V2_002011_20260728,B08
ZSTD_L15_P2,15,2,55.66,74.76,7.51,0.618,S2-16D_V2_002011_20260728,B08
RAW_SemComp,0,0,110.26,0.0,0.0,0.225,S2-16D_V2_002012_20260728,SCL
ZSTD_L01_P2,1,2,0.78,99.29,0.187,0.298,S2-16D_V2_002012_20260728,SCL
ZSTD_L03_P2,3,2,0.61,99.44,0.211,0.264,S2-16D_V2_002012_20260728,SCL
ZSTD_L05_P2,5,2,0.57,99.48,0.264,0.238,S2-16D_V2_002012_20260728,SCL
ZSTD_L07_P2,7,2,0.53,99.52,0.306,0.255,S2-16D_V2_002012_20260728,SCL
ZSTD_L09_P2,9,2,0.51,99.54,0.336,0.259,S2-16D_V2_002012_20260728,SCL
ZSTD_L11_P2,11,2,0.51,99.54,0.368,0.212,S2-16D_V2_002012_20260728,SCL
ZSTD_L13_P2,13,2,0.5,99.55,0.455,0.222,S2-16D_V2_002012_20260728,SCL
ZSTD_L15_P2,15,2,0.5,99.55,0.703,0.279,S2-16D_V2_002012_20260728,SCL
RAW_SemComp,0,0,220.51,0.0,0.0,0.37,S2-16D_V2_002012_20260728,B03
ZSTD_L01_P2,1,2,120.55,45.33,0.636,0.657,S2-16D_V2_002012_20260728,B03
ZSTD_L03_P2,3,2,114.04,48.28,2.652,0.812,S2-16D_V2_002012_20260728,B03
ZSTD_L05_P2,5,2,112.41,49.02,7.305,1.081,S2-16D_V2_002012_20260728,B03
ZSTD_L07_P2,7,2,112.42,49.02,5.952,0.883,S2-16D_V2_002012_20260728,B03
ZSTD_L09_P2,9,2,112.4,49.03,5.676,2.521,S2-16D_V2_002012_20260728,B03
ZSTD_L11_P2,11,2,112.4,49.03,11.244,0.833,S2-16D_V2_002012_20260728,B03
ZSTD_L13_P2,13,2,112.39,49.03,47.014,1.622,S2-16D_V2_002012_20260728,B03
ZSTD_L15_P2,15,2,112.39,49.03,23.382,0.887,S2-16D_V2_002012_20260728,B03
RAW_SemComp,0,0,220.51,0.0,0.0,0.841,S2-16D_V2_002011_20260728,B11
ZSTD_L01_P2,1,2,50.02,77.32,0.542,0.59,S2-16D_V2_002011_20260728,B11
ZSTD_L03_P2,3,2,46.71,78.82,2.869,2.892,S2-16D_V2_002011_20260728,B11
ZSTD_L05_P2,5,2,46.25,79.03,2.087,0.685,S2-16D_V2_002011_20260728,B11
ZSTD_L07_P2,7,2,46.24,79.03,1.784,0.719,S2-16D_V2_002011_20260728,B11
ZSTD_L09_P2,9,2,46.21,79.04,2.41,0.703,S2-16D_V2_002011_20260728,B11
ZSTD_L11_P2,11,2,46.21,79.04,3.844,0.715,S2-16D_V2_002011_20260728,B11
ZSTD_L13_P2,13,2,46.21,79.04,6.804,0.716,S2-16D_V2_002011_20260728,B11
ZSTD_L15_P2,15,2,46.21,79.04,7.358,0.757,S2-16D_V2_002011_20260728,B11
RAW_SemComp,0,0,220.51,0.0,0.0,0.416,S2-16D_V2_001014_20260728,B04
ZSTD_L01_P2,1,2,30.27,86.27,0.369,0.536,S2-16D_V2_001014_20260728,B04
ZSTD_L03_P2,3,2,27.91,87.34,0.814,0.577,S2-16D_V2_001014_20260728,B04
ZSTD_L05_P2,5,2,27.68,87.45,1.095,0.516,S2-16D_V2_001014_20260728,B04
ZSTD_L07_P2,7,2,27.67,87.45,1.303,0.588,S2-16D_V2_001014_20260728,B04
ZSTD_L09_P2,9,2,27.66,87.46,1.72,0.617,S2-16D_V2_001014_20260728,B04
ZSTD_L11_P2,11,2,27.66,87.46,9.83,1.132,S2-16D_V2_001014_20260728,B04
ZSTD_L13_P2,13,2,27.66,87.46,10.116,0.598,S2-16D_V2_001014_20260728,B04
ZSTD_L15_P2,15,2,27.66,87.46,4.953,0.62,S2-16D_V2_001014_20260728,B04
RAW_SemComp,0,0,220.51,0.0,0.0,0.415,S2-16D_V2_002011_20260728,B02
ZSTD_L01_P2,1,2,46.58,78.88,0.412,0.595,S2-16D_V2_002011_20260728,B02
ZSTD_L03_P2,3,2,43.83,80.13,1.121,0.703,S2-16D_V2_002011_20260728,B02
ZSTD_L05_P2,5,2,43.55,80.25,1.545,0.679,S2-16D_V2_002011_20260728,B02
ZSTD_L07_P2,7,2,43.54,80.26,1.802,0.656,S2-16D_V2_002011_20260728,B02
ZSTD_L09_P2,9,2,43.52,80.26,2.514,0.739,S2-16D_V2_002011_20260728,B02
ZSTD_L11_P2,11,2,43.52,80.26,3.685,0.674,S2-16D_V2_002011_20260728,B02
ZSTD_L13_P2,13,2,43.52,80.26,8.166,4.688,S2-16D_V2_002011_20260728,B02
ZSTD_L15_P2,15,2,43.52,80.26,14.504,0.702,S2-16D_V2_002011_20260728,B02
RAW_SemComp,0,0,220.51,0.0,0.0,0.39,S2-16D_V2_002012_20260728,B11
ZSTD_L01_P2,1,2,121.57,44.87,0.666,1.424,S2-16D_V2_002012_20260728,B11
ZSTD_L03_P2,3,2,111.82,49.29,3.306,1.68,S2-16D_V2_002012_20260728,B11
ZSTD_L05_P2,5,2,110.77,49.77,6.934,0.89,S2-16D_V2_002012_20260728,B11
ZSTD_L07_P2,7,2,110.76,49.77,4.298,0.91,S2-16D_V2_002012_20260728,B11
ZSTD_L09_P2,9,2,110.7,49.8,5.388,0.817,S2-16D_V2_002012_20260728,B11
ZSTD_L11_P2,11,2,110.7,49.8,8.62,0.842,S2-16D_V2_002012_20260728,B11
ZSTD_L13_P2,13,2,110.7,49.8,32.899,2.187,S2-16D_V2_002012_20260728,B11
ZSTD_L15_P2,15,2,110.7,49.8,19.127,2.115,S2-16D_V2_002012_20260728,B11
RAW_SemComp,0,0,220.51,0.0,0.0,1.27,S2-16D_V2_001014_20260728,EVI
ZSTD_L01_P2,1,2,36.73,83.34,0.39,0.579,S2-16D_V2_001014_20260728,EVI
ZSTD_L03_P2,3,2,36.74,83.34,0.891,0.908,S2-16D_V2_001014_20260728,EVI
ZSTD_L05_P2,5,2,36.74,83.34,0.536,0.472,S2-16D_V2_001014_20260728,EVI
ZSTD_L07_P2,7,2,36.73,83.34,1.376,1.278,S2-16D_V2_001014_20260728,EVI
ZSTD_L09_P2,9,2,36.73,83.34,1.135,0.463,S2-16D_V2_001014_20260728,EVI
ZSTD_L11_P2,11,2,36.73,83.34,0.908,0.527,S2-16D_V2_001014_20260728,EVI
ZSTD_L13_P2,13,2,36.64,83.39,3.834,0.549,S2-16D_V2_001014_20260728,EVI
ZSTD_L15_P2,15,2,36.64,83.39,4.34,0.613,S2-16D_V2_001014_20260728,EVI
RAW_SemComp,0,0,220.51,0.0,0.0,0.438,S2-16D_V2_002012_20260728,B09
ZSTD_L01_P2,1,2,86.59,60.73,1.462,0.813,S2-16D_V2_002012_20260728,B09
ZSTD_L03_P2,3,2,79.85,63.79,1.944,0.921,S2-16D_V2_002012_20260728,B09
ZSTD_L05_P2,5,2,78.84,64.25,3.326,0.86,S2-16D_V2_002012_20260728,B09
ZSTD_L07_P2,7,2,76.86,65.15,4.827,0.844,S2-16D_V2_002012_20260728,B09
ZSTD_L09_P2,9,2,75.99,65.54,10.461,1.771,S2-16D_V2_002012_20260728,B09
ZSTD_L11_P2,11,2,74.64,66.15,16.193,0.839,S2-16D_V2_002012_20260728,B09
ZSTD_L13_P2,13,2,74.39,66.27,24.015,1.094,S2-16D_V2_002012_20260728,B09
ZSTD_L15_P2,15,2,74.31,66.3,25.509,0.828,S2-16D_V2_002012_20260728,B09
RAW_SemComp,0,0,220.51,0.0,0.0,0.429,S2-16D_V2_001014_20260728,B08
ZSTD_L01_P2,1,2,37.66,82.92,0.841,0.871,S2-16D_V2_001014_20260728,B08
ZSTD_L03_P2,3,2,37.68,82.91,2.235,2.846,S2-16D_V2_001014_20260728,B08
ZSTD_L05_P2,5,2,37.68,82.91,0.483,0.598,S2-16D_V2_001014_20260728,B08
ZSTD_L07_P2,7,2,37.67,82.92,1.083,0.991,S2-16D_V2_001014_20260728,B08
ZSTD_L09_P2,9,2,37.67,82.92,0.984,0.573,S2-16D_V2_001014_20260728,B08
ZSTD_L11_P2,11,2,37.67,82.92,1.237,0.801,S2-16D_V2_001014_20260728,B08
ZSTD_L13_P2,13,2,37.68,82.91,5.108,0.496,S2-16D_V2_001014_20260728,B08
ZSTD_L15_P2,15,2,37.68,82.91,3.258,0.583,S2-16D_V2_001014_20260728,B08
RAW_SemComp,0,0,220.51,0.0,0.0,1.118,S2-16D_V2_002012_20260728,NDVI
ZSTD_L01_P2,1,2,133.44,39.49,1.251,0.703,S2-16D_V2_002012_20260728,NDVI
ZSTD_L03_P2,3,2,133.39,39.51,1.182,1.744,S2-16D_V2_002012_20260728,NDVI
ZSTD_L05_P2,5,2,132.7,39.82,6.024,0.745,S2-16D_V2_002012_20260728,NDVI
ZSTD_L07_P2,7,2,132.69,39.83,2.891,0.797,S2-16D_V2_002012_20260728,NDVI
ZSTD_L09_P2,9,2,132.69,39.83,3.378,0.753,S2-16D_V2_002012_20260728,NDVI
ZSTD_L11_P2,11,2,132.69,39.83,5.97,0.793,S2-16D_V2_002012_20260728,NDVI
ZSTD_L13_P2,13,2,132.12,40.09,14.312,0.782,S2-16D_V2_002012_20260728,NDVI
ZSTD_L15_P2,15,2,132.12,40.09,30.976,0.767,S2-16D_V2_002012_20260728,NDVI
RAW_SemComp,0,0,110.26,0.0,0.0,0.247,S2-16D_V2_002011_20260728,SCL
ZSTD_L01_P2,1,2,0.71,99.35,0.222,0.289,S2-16D_V2_002011_20260728,SCL
ZSTD_L03_P2,3,2,0.72,99.34,0.21,0.257,S2-16D_V2_002011_20260728,SCL
ZSTD_L05_P2,5,2,0.66,99.4,0.275,0.23,S2-16D_V2_002011_20260728,SCL
ZSTD_L07_P2,7,2,0.62,99.43,0.336,0.251,S2-16D_V2_002011_20260728,SCL
ZSTD_L09_P2,9,2,0.59,99.46,0.375,0.296,S2-16D_V2_002011_20260728,SCL
ZSTD_L11_P2,11,2,0.6,99.46,0.466,0.262,S2-16D_V2_002011_20260728,SCL
ZSTD_L13_P2,13,2,0.59,99.47,0.559,0.231,S2-16D_V2_002011_20260728,SCL
ZSTD_L15_P2,15,2,0.59,99.46,0.886,0.554,S2-16D_V2_002011_20260728,SCL
RAW_SemComp,0,0,220.51,0.0,0.0,0.383,S2-16D_V2_002012_20260728,B8A
ZSTD_L01_P2,1,2,130.75,40.71,0.659,0.67,S2-16D_V2_002012_20260728,B8A
ZSTD_L03_P2,3,2,129.2,41.41,2.116,0.749,S2-16D_V2_002012_20260728,B8A
ZSTD_L05_P2,5,2,127.45,42.2,3.559,0.79,S2-16D_V2_002012_20260728,B8A
ZSTD_L07_P2,7,2,127.45,42.2,3.803,0.733,S2-16D_V2_002012_20260728,B8A
ZSTD_L09_P2,9,2,127.44,42.21,4.515,0.761,S2-16D_V2_002012_20260728,B8A
ZSTD_L11_P2,11,2,127.44,42.21,22.665,0.84,S2-16D_V2_002012_20260728,B8A
ZSTD_L13_P2,13,2,127.09,42.36,16.399,0.801,S2-16D_V2_002012_20260728,B8A
ZSTD_L15_P2,15,2,127.09,42.36,27.521,1.398,S2-16D_V2_002012_20260728,B8A
RAW_SemComp,0,0,220.51,0.0,0.0,0.432,S2-16D_V2_002011_20260728,B05
ZSTD_L01_P2,1,2,48.77,77.88,0.421,0.562,S2-16D_V2_002011_20260728,B05
ZSTD_L03_P2,3,2,45.13,79.54,1.188,0.658,S2-16D_V2_002011_20260728,B05
ZSTD_L05_P2,5,2,44.77,79.7,1.542,0.572,S2-16D_V2_002011_20260728,B05
ZSTD_L07_P2,7,2,44.75,79.7,1.823,0.625,S2-16D_V2_002011_20260728,B05
ZSTD_L09_P2,9,2,44.73,79.72,2.37,0.679,S2-16D_V2_002011_20260728,B05
ZSTD_L11_P2,11,2,44.73,79.72,4.153,0.718,S2-16D_V2_002011_20260728,B05
ZSTD_L13_P2,13,2,44.73,79.72,6.882,0.692,S2-16D_V2_002011_20260728,B05
ZSTD_L15_P2,15,2,44.73,79.72,13.357,0.795,S2-16D_V2_002011_20260728,B05
RAW_SemComp,0,0,220.51,0.0,0.0,0.425,S2-16D_V2_002012_20260728,EVI
ZSTD_L01_P2,1,2,136.53,38.08,0.676,0.684,S2-16D_V2_002012_20260728,EVI
ZSTD_L03_P2,3,2,136.53,38.09,0.732,0.668,S2-16D_V2_002012_20260728,EVI
ZSTD_L05_P2,5,2,136.4,38.15,1.563,0.691,S2-16D_V2_002012_20260728,EVI
ZSTD_L07_P2,7,2,136.39,38.15,1.614,0.739,S2-16D_V2_002012_20260728,EVI
ZSTD_L09_P2,9,2,136.39,38.15,2.072,0.697,S2-16D_V2_002012_20260728,EVI
ZSTD_L11_P2,11,2,136.39,38.15,3.314,0.742,S2-16D_V2_002012_20260728,EVI
ZSTD_L13_P2,13,2,135.91,38.37,23.943,3.952,S2-16D_V2_002012_20260728,EVI
ZSTD_L15_P2,15,2,135.91,38.37,17.144,0.838,S2-16D_V2_002012_20260728,EVI
RAW_SemComp,0,0,220.51,0.0,0.0,0.429,S2-16D_V2_002012_20260728,B07
ZSTD_L01_P2,1,2,130.19,40.96,0.668,0.861,S2-16D_V2_002012_20260728,B07
ZSTD_L03_P2,3,2,128.25,41.84,3.084,0.78,S2-16D_V2_002012_20260728,B07
ZSTD_L05_P2,5,2,126.43,42.67,3.637,0.852,S2-16D_V2_002012_20260728,B07
ZSTD_L07_P2,7,2,126.42,42.67,3.94,0.857,S2-16D_V2_002012_20260728,B07
ZSTD_L09_P2,9,2,126.41,42.67,5.027,0.895,S2-16D_V2_002012_20260728,B07
ZSTD_L11_P2,11,2,126.41,42.67,8.276,0.818,S2-16D_V2_002012_20260728,B07
ZSTD_L13_P2,13,2,126.09,42.82,35.358,0.812,S2-16D_V2_002012_20260728,B07
ZSTD_L15_P2,15,2,126.09,42.82,19.105,0.857,S2-16D_V2_002012_20260728,B07
RAW_SemComp,0,0,220.51,0.0,0.0,0.363,S2-16D_V2_002011_20260728,NBR
ZSTD_L01_P2,1,2,52.95,75.99,0.742,1.06,S2-16D_V2_002011_20260728,NBR
ZSTD_L03_P2,3,2,51.94,76.45,1.741,0.574,S2-16D_V2_002011_20260728,NBR
ZSTD_L05_P2,5,2,51.21,76.78,5.567,0.608,S2-16D_V2_002011_20260728,NBR
ZSTD_L07_P2,7,2,51.21,76.78,1.862,0.618,S2-16D_V2_002011_20260728,NBR
ZSTD_L09_P2,9,2,51.2,76.78,2.307,0.683,S2-16D_V2_002011_20260728,NBR
ZSTD_L11_P2,11,2,51.2,76.78,3.631,0.594,S2-16D_V2_002011_20260728,NBR
ZSTD_L13_P2,13,2,51.13,76.81,6.015,0.65,S2-16D_V2_002011_20260728,NBR
ZSTD_L15_P2,15,2,51.13,76.81,6.925,0.625,S2-16D_V2_002011_20260728,NBR
RAW_SemComp,0,0,220.51,0.0,0.0,0.436,S2-16D_V2_001014_20260728,B05
ZSTD_L01_P2,1,2,31.42,85.75,0.403,0.563,S2-16D_V2_001014_20260728,B05
ZSTD_L03_P2,3,2,28.72,86.98,0.905,0.586,S2-16D_V2_001014_20260728,B05
ZSTD_L05_P2,5,2,28.5,87.07,1.187,0.554,S2-16D_V2_001014_20260728,B05
ZSTD_L07_P2,7,2,28.49,87.08,1.381,0.608,S2-16D_V2_001014_20260728,B05
ZSTD_L09_P2,9,2,28.47,87.09,1.884,0.613,S2-16D_V2_001014_20260728,B05
ZSTD_L11_P2,11,2,28.47,87.09,2.739,0.606,S2-16D_V2_001014_20260728,B05
ZSTD_L13_P2,13,2,28.47,87.09,10.193,0.591,S2-16D_V2_001014_20260728,B05
ZSTD_L15_P2,15,2,28.47,87.09,10.494,0.555,S2-16D_V2_001014_20260728,B05
RAW_SemComp,0,0,220.51,0.0,0.0,0.368,S2-16D_V2_002012_20260728,B06
ZSTD_L01_P2,1,2,128.97,41.51,0.663,0.657,S2-16D_V2_002012_20260728,B06
ZSTD_L03_P2,3,2,125.62,43.04,2.507,0.794,S2-16D_V2_002012_20260728,B06
ZSTD_L05_P2,5,2,123.71,43.9,3.68,0.826,S2-16D_V2_002012_20260728,B06
ZSTD_L07_P2,7,2,123.7,43.9,3.94,0.775,S2-16D_V2_002012_20260728,B06
ZSTD_L09_P2,9,2,123.69,43.91,4.737,0.74,S2-16D_V2_002012_20260728,B06
ZSTD_L11_P2,11,2,123.69,43.91,7.943,0.797,S2-16D_V2_002012_20260728,B06
ZSTD_L13_P2,13,2,123.49,44.0,27.42,0.833,S2-16D_V2_002012_20260728,B06
ZSTD_L15_P2,15,2,123.49,44.0,17.92,0.795,S2-16D_V2_002012_20260728,B06
RAW_SemComp,0,0,220.51,0.0,0.0,0.439,S2-16D_V2_002011_20260728,B8A
ZSTD_L01_P2,1,2,52.85,76.03,1.502,1.698,S2-16D_V2_002011_20260728,B8A
ZSTD_L03_P2,3,2,52.33,76.27,3.231,0.615,S2-16D_V2_002011_20260728,B8A
ZSTD_L05_P2,5,2,51.66,76.57,1.517,0.613,S2-16D_V2_002011_20260728,B8A
ZSTD_L07_P2,7,2,51.64,76.58,1.66,0.642,S2-16D_V2_002011_20260728,B8A
ZSTD_L09_P2,9,2,51.64,76.58,2.014,0.593,S2-16D_V2_002011_20260728,B8A
ZSTD_L11_P2,11,2,51.64,76.58,3.652,0.652,S2-16D_V2_002011_20260728,B8A
ZSTD_L13_P2,13,2,51.51,76.64,6.589,0.623,S2-16D_V2_002011_20260728,B8A
ZSTD_L15_P2,15,2,51.51,76.64,7.183,0.626,S2-16D_V2_002011_20260728,B8A
RAW_SemComp,0,0,220.51,0.0,0.0,0.405,S2-16D_V2_001014_20260728,B01
ZSTD_L01_P2,1,2,10.66,95.16,0.779,1.165,S2-16D_V2_001014_20260728,B01
ZSTD_L03_P2,3,2,10.3,95.33,0.838,0.621,S2-16D_V2_001014_20260728,B01
ZSTD_L05_P2,5,2,9.54,95.67,0.882,0.968,S2-16D_V2_001014_20260728,B01
ZSTD_L07_P2,7,2,9.07,95.89,4.016,0.626,S2-16D_V2_001014_20260728,B01
ZSTD_L09_P2,9,2,9.02,95.91,1.994,0.612,S2-16D_V2_001014_20260728,B01
ZSTD_L11_P2,11,2,8.75,96.03,3.284,0.593,S2-16D_V2_001014_20260728,B01
ZSTD_L13_P2,13,2,8.72,96.05,5.49,0.56,S2-16D_V2_001014_20260728,B01
ZSTD_L15_P2,15,2,8.45,96.17,8.848,0.559,S2-16D_V2_001014_20260728,B01
