Algoritmo,Predictor,BlockSize,Tamanho_Final_MB,Taxa_Compressao (%),Tempo_Compressao_segundos,Tempo_Leitura_segundos,Cena,Banda
RAW_SemComp,0,256,220.51,0.0,0.0,1.33,S2-16D_V2_002011_20260728,EVI
LZW_P1_B128,1,128,81.11,63.22,6.27,4.383,S2-16D_V2_002011_20260728,EVI
LZW_P1_B256,1,256,80.98,63.28,10.423,4.381,S2-16D_V2_002011_20260728,EVI
LZW_P1_B512,1,512,81.32,63.12,13.206,6.516,S2-16D_V2_002011_20260728,EVI
LZW_P2_B128,2,128,68.44,68.96,9.092,1.4,S2-16D_V2_002011_20260728,EVI
LZW_P2_B256,2,256,66.99,69.62,4.056,1.559,S2-16D_V2_002011_20260728,EVI
LZW_P2_B512,2,512,66.41,69.88,3.878,2.275,S2-16D_V2_002011_20260728,EVI
RAW_SemComp,0,256,110.26,0.0,0.0,1.32,S2-16D_V2_001014_20260728,SCL
LZW_P1_B128,1,128,1.48,98.66,3.264,1.642,S2-16D_V2_001014_20260728,SCL
LZW_P1_B256,1,256,0.82,99.26,1.597,1.374,S2-16D_V2_001014_20260728,SCL
LZW_P1_B512,1,512,0.48,99.57,1.798,1.398,S2-16D_V2_001014_20260728,SCL
LZW_P2_B128,2,128,1.74,98.42,4.594,1.904,S2-16D_V2_001014_20260728,SCL
LZW_P2_B256,2,256,0.95,99.14,2.023,1.586,S2-16D_V2_001014_20260728,SCL
LZW_P2_B512,2,512,0.54,99.51,1.621,0.318,S2-16D_V2_001014_20260728,SCL
RAW_SemComp,0,256,220.51,0.0,0.0,3.014,S2-16D_V2_001014_20260728,B02
LZW_P1_B128,1,128,33.95,84.6,7.883,3.103,S2-16D_V2_001014_20260728,B02
LZW_P1_B256,1,256,33.34,84.88,4.798,1.337,S2-16D_V2_001014_20260728,B02
LZW_P1_B512,1,512,33.17,84.96,6.549,2.611,S2-16D_V2_001014_20260728,B02
LZW_P2_B128,2,128,33.82,84.66,8.209,6.701,S2-16D_V2_001014_20260728,B02
LZW_P2_B256,2,256,33.06,85.01,5.905,2.29,S2-16D_V2_001014_20260728,B02
LZW_P2_B512,2,512,32.75,85.15,6.405,1.035,S2-16D_V2_001014_20260728,B02
RAW_SemComp,0,256,220.51,0.0,0.0,1.342,S2-16D_V2_002011_20260728,B04
LZW_P1_B128,1,128,59.93,72.82,9.201,2.461,S2-16D_V2_002011_20260728,B04
LZW_P1_B256,1,256,59.9,72.83,5.33,0.923,S2-16D_V2_002011_20260728,B04
LZW_P1_B512,1,512,60.26,72.67,5.351,3.51,S2-16D_V2_002011_20260728,B04
LZW_P2_B128,2,128,54.19,75.43,6.516,4.696,S2-16D_V2_002011_20260728,B04
LZW_P2_B256,2,256,53.54,75.72,5.125,2.972,S2-16D_V2_002011_20260728,B04
LZW_P2_B512,2,512,53.37,75.8,11.375,2.814,S2-16D_V2_002011_20260728,B04
RAW_SemComp,0,256,220.51,0.0,0.0,2.711,S2-16D_V2_001014_20260728,B12
LZW_P1_B128,1,128,37.15,83.15,5.698,2.727,S2-16D_V2_001014_20260728,B12
LZW_P1_B256,1,256,36.54,83.43,6.169,2.018,S2-16D_V2_001014_20260728,B12
LZW_P1_B512,1,512,36.43,83.48,6.284,4.491,S2-16D_V2_001014_20260728,B12
LZW_P2_B128,2,128,33.1,84.99,9.131,2.473,S2-16D_V2_001014_20260728,B12
LZW_P2_B256,2,256,32.22,85.39,4.308,1.997,S2-16D_V2_001014_20260728,B12
LZW_P2_B512,2,512,31.87,85.55,1.712,0.828,S2-16D_V2_001014_20260728,B12
RAW_SemComp,0,256,220.51,0.0,0.0,0.645,S2-16D_V2_002011_20260728,B09
LZW_P1_B128,1,128,70.95,67.82,7.893,5.505,S2-16D_V2_002011_20260728,B09
LZW_P1_B256,1,256,71.55,67.55,11.089,4.916,S2-16D_V2_002011_20260728,B09
LZW_P1_B512,1,512,72.56,67.09,11.432,0.754,S2-16D_V2_002011_20260728,B09
LZW_P2_B128,2,128,45.59,79.33,1.831,0.844,S2-16D_V2_002011_20260728,B09
LZW_P2_B256,2,256,44.73,79.72,1.876,0.93,S2-16D_V2_002011_20260728,B09
LZW_P2_B512,2,512,44.5,79.82,1.936,1.315,S2-16D_V2_002011_20260728,B09
RAW_SemComp,0,256,220.51,0.0,0.0,2.134,S2-16D_V2_002012_20260728,B08
LZW_P1_B128,1,128,178.86,18.89,6.688,2.997,S2-16D_V2_002012_20260728,B08
LZW_P1_B256,1,256,179.1,18.78,7.893,4.806,S2-16D_V2_002012_20260728,B08
LZW_P1_B512,1,512,179.85,18.44,17.681,2.008,S2-16D_V2_002012_20260728,B08
LZW_P2_B128,2,128,168.24,23.71,13.408,4.996,S2-16D_V2_002012_20260728,B08
LZW_P2_B256,2,256,166.97,24.28,12.396,7.115,S2-16D_V2_002012_20260728,B08
LZW_P2_B512,2,512,166.65,24.43,10.106,2.754,S2-16D_V2_002012_20260728,B08
RAW_SemComp,0,256,220.51,0.0,0.0,1.178,S2-16D_V2_002011_20260728,B06
LZW_P1_B128,1,128,73.16,66.82,9.104,4.901,S2-16D_V2_002011_20260728,B06
LZW_P1_B256,1,256,73.36,66.73,8.4,1.71,S2-16D_V2_002011_20260728,B06
LZW_P1_B512,1,512,73.95,66.47,12.793,4.376,S2-16D_V2_002011_20260728,B06
LZW_P2_B128,2,128,60.89,72.39,7.804,4.305,S2-16D_V2_002011_20260728,B06
LZW_P2_B256,2,256,60.14,72.73,2.966,2.242,S2-16D_V2_002011_20260728,B06
LZW_P2_B512,2,512,59.8,72.88,4.481,1.878,S2-16D_V2_002011_20260728,B06
RAW_SemComp,0,256,220.51,0.0,0.0,0.446,S2-16D_V2_002012_20260728,B05
LZW_P1_B128,1,128,144.09,34.66,11.975,7.05,S2-16D_V2_002012_20260728,B05
LZW_P1_B256,1,256,144.87,34.3,13.091,4.062,S2-16D_V2_002012_20260728,B05
LZW_P1_B512,1,512,146.06,33.77,14.219,7.09,S2-16D_V2_002012_20260728,B05
LZW_P2_B128,2,128,129.1,41.45,23.488,2.402,S2-16D_V2_002012_20260728,B05
LZW_P2_B256,2,256,128.26,41.84,9.232,4.225,S2-16D_V2_002012_20260728,B05
LZW_P2_B512,2,512,128.04,41.93,6.558,2.206,S2-16D_V2_002012_20260728,B05
RAW_SemComp,0,256,220.51,0.0,0.0,2.81,S2-16D_V2_002012_20260728,NBR
LZW_P1_B128,1,128,164.53,25.39,12.592,7.927,S2-16D_V2_002012_20260728,NBR
LZW_P1_B256,1,256,164.83,25.25,19.998,7.35,S2-16D_V2_002012_20260728,NBR
LZW_P1_B512,1,512,165.58,24.91,5.425,3.224,S2-16D_V2_002012_20260728,NBR
LZW_P2_B128,2,128,147.83,32.96,6.336,1.329,S2-16D_V2_002012_20260728,NBR
LZW_P2_B256,2,256,147.08,33.3,2.899,1.299,S2-16D_V2_002012_20260728,NBR
LZW_P2_B512,2,512,146.83,33.41,2.886,1.328,S2-16D_V2_002012_20260728,NBR
RAW_SemComp,0,256,220.51,0.0,0.0,1.6,S2-16D_V2_001014_20260728,B11
LZW_P1_B128,1,128,40.82,81.49,2.347,0.606,S2-16D_V2_001014_20260728,B11
LZW_P1_B256,1,256,40.25,81.75,4.505,0.555,S2-16D_V2_001014_20260728,B11
LZW_P1_B512,1,512,40.15,81.79,1.906,0.625,S2-16D_V2_001014_20260728,B11
LZW_P2_B128,2,128,37.59,82.96,3.441,1.514,S2-16D_V2_001014_20260728,B11
LZW_P2_B256,2,256,36.73,83.34,4.528,3.498,S2-16D_V2_001014_20260728,B11
LZW_P2_B512,2,512,36.4,83.49,3.684,3.694,S2-16D_V2_001014_20260728,B11
RAW_SemComp,0,256,220.51,0.0,0.0,0.569,S2-16D_V2_001014_20260728,B09
LZW_P1_B128,1,128,40.6,81.59,1.883,1.005,S2-16D_V2_001014_20260728,B09
LZW_P1_B256,1,256,40.19,81.77,2.015,1.589,S2-16D_V2_001014_20260728,B09
LZW_P1_B512,1,512,40.28,81.73,2.137,2.661,S2-16D_V2_001014_20260728,B09
LZW_P2_B128,2,128,26.7,87.89,7.506,4.517,S2-16D_V2_001014_20260728,B09
LZW_P2_B256,2,256,25.75,88.32,4.669,3.238,S2-16D_V2_001014_20260728,B09
LZW_P2_B512,2,512,25.38,88.49,7.577,4.474,S2-16D_V2_001014_20260728,B09
RAW_SemComp,0,256,220.51,0.0,0.0,0.897,S2-16D_V2_002012_20260728,B01
LZW_P1_B128,1,128,77.57,64.82,9.622,4.704,S2-16D_V2_002012_20260728,B01
LZW_P1_B256,1,256,78.56,64.37,3.585,2.116,S2-16D_V2_002012_20260728,B01
LZW_P1_B512,1,512,81.12,63.21,5.497,3.591,S2-16D_V2_002012_20260728,B01
LZW_P2_B128,2,128,45.04,79.57,11.487,4.578,S2-16D_V2_002012_20260728,B01
LZW_P2_B256,2,256,43.95,80.07,10.509,5.519,S2-16D_V2_002012_20260728,B01
LZW_P2_B512,2,512,43.72,80.17,13.394,7.853,S2-16D_V2_002012_20260728,B01
RAW_SemComp,0,256,220.51,0.0,0.0,0.608,S2-16D_V2_002012_20260728,B04
LZW_P1_B128,1,128,128.71,41.63,9.278,6.009,S2-16D_V2_002012_20260728,B04
LZW_P1_B256,1,256,129.18,41.42,12.498,4.02,S2-16D_V2_002012_20260728,B04
LZW_P1_B512,1,512,130.02,41.04,7.329,3.139,S2-16D_V2_002012_20260728,B04
LZW_P2_B128,2,128,124.46,43.56,10.661,7.017,S2-16D_V2_002012_20260728,B04
LZW_P2_B256,2,256,124.02,43.76,12.91,4.112,S2-16D_V2_002012_20260728,B04
LZW_P2_B512,2,512,123.98,43.78,19.61,3.899,S2-16D_V2_002012_20260728,B04
RAW_SemComp,0,256,220.51,0.0,0.0,0.773,S2-16D_V2_001014_20260728,B03
LZW_P1_B128,1,128,37.63,82.93,1.954,1.307,S2-16D_V2_001014_20260728,B03
LZW_P1_B256,1,256,37.02,83.21,2.872,1.244,S2-16D_V2_001014_20260728,B03
LZW_P1_B512,1,512,36.86,83.28,4.907,1.67,S2-16D_V2_001014_20260728,B03
LZW_P2_B128,2,128,37.71,82.9,4.512,3.969,S2-16D_V2_001014_20260728,B03
LZW_P2_B256,2,256,36.9,83.27,4.204,4.411,S2-16D_V2_001014_20260728,B03
LZW_P2_B512,2,512,36.57,83.42,9.081,6.072,S2-16D_V2_001014_20260728,B03
RAW_SemComp,0,256,220.51,0.0,0.0,0.584,S2-16D_V2_002011_20260728,B01
LZW_P1_B128,1,128,49.9,77.37,2.108,0.766,S2-16D_V2_002011_20260728,B01
LZW_P1_B256,1,256,50.34,77.17,2.31,1.226,S2-16D_V2_002011_20260728,B01
LZW_P1_B512,1,512,51.41,76.69,2.896,2.098,S2-16D_V2_002011_20260728,B01
LZW_P2_B128,2,128,29.12,86.79,3.573,1.734,S2-16D_V2_002011_20260728,B01
LZW_P2_B256,2,256,28.23,87.2,7.976,3.467,S2-16D_V2_002011_20260728,B01
LZW_P2_B512,2,512,27.98,87.31,8.5,4.085,S2-16D_V2_002011_20260728,B01
RAW_SemComp,0,256,220.51,0.0,0.0,0.804,S2-16D_V2_002011_20260728,B12
LZW_P1_B128,1,128,63.6,71.16,3.733,1.695,S2-16D_V2_002011_20260728,B12
LZW_P1_B256,1,256,63.82,71.06,3.86,1.258,S2-16D_V2_002011_20260728,B12
LZW_P1_B512,1,512,64.42,70.79,3.957,2.315,S2-16D_V2_002011_20260728,B12
LZW_P2_B128,2,128,51.85,76.49,7.887,1.853,S2-16D_V2_002011_20260728,B12
LZW_P2_B256,2,256,51.13,76.81,4.72,2.217,S2-16D_V2_002011_20260728,B12
LZW_P2_B512,2,512,50.92,76.91,6.879,4.196,S2-16D_V2_002011_20260728,B12
RAW_SemComp,0,256,220.51,0.0,0.0,0.99,S2-16D_V2_002012_20260728,B02
LZW_P1_B128,1,128,125.18,43.23,8.02,1.745,S2-16D_V2_002012_20260728,B02
LZW_P1_B256,1,256,125.71,42.99,4.238,1.71,S2-16D_V2_002012_20260728,B02
LZW_P1_B512,1,512,126.7,42.54,12.486,6.963,S2-16D_V2_002012_20260728,B02
LZW_P2_B128,2,128,121.53,44.89,15.756,8.079,S2-16D_V2_002012_20260728,B02
LZW_P2_B256,2,256,121.01,45.12,17.899,11.401,S2-16D_V2_002012_20260728,B02
LZW_P2_B512,2,512,120.97,45.14,21.411,3.62,S2-16D_V2_002012_20260728,B02
RAW_SemComp,0,256,220.51,0.0,0.0,0.98,S2-16D_V2_001014_20260728,NDVI
LZW_P1_B128,1,128,45.04,79.57,5.608,2.699,S2-16D_V2_001014_20260728,NDVI
LZW_P1_B256,1,256,43.99,80.05,3.804,1.294,S2-16D_V2_001014_20260728,NDVI
LZW_P1_B512,1,512,43.67,80.19,3.986,2.696,S2-16D_V2_001014_20260728,NDVI
LZW_P2_B128,2,128,44.59,79.78,3.845,1.672,S2-16D_V2_001014_20260728,NDVI
LZW_P2_B256,2,256,43.16,80.43,9.353,2.281,S2-16D_V2_001014_20260728,NDVI
LZW_P2_B512,2,512,42.54,80.71,6.175,1.291,S2-16D_V2_001014_20260728,NDVI
RAW_SemComp,0,256,220.51,0.0,0.0,1.253,S2-16D_V2_002011_20260728,B07
LZW_P1_B128,1,128,74.64,66.15,4.973,1.882,S2-16D_V2_002011_20260728,B07
LZW_P1_B256,1,256,74.81,66.07,7.552,2.06,S2-16D_V2_002011_20260728,B07
LZW_P1_B512,1,512,75.38,65.81,11.814,2.493,S2-16D_V2_002011_20260728,B07
LZW_P2_B128,2,128,61.96,71.9,8.502,4.598,S2-16D_V2_002011_20260728,B07
LZW_P2_B256,2,256,61.21,72.24,5.902,4.195,S2-16D_V2_002011_20260728,B07
LZW_P2_B512,2,512,60.88,72.39,9.189,4.289,S2-16D_V2_002011_20260728,B07
RAW_SemComp,0,256,220.51,0.0,0.0,0.838,S2-16D_V2_002011_20260728,NDVI
LZW_P1_B128,1,128,74.3,66.31,10.639,3.909,S2-16D_V2_002011_20260728,NDVI
LZW_P1_B256,1,256,73.99,66.45,4.288,1.308,S2-16D_V2_002011_20260728,NDVI
LZW_P1_B512,1,512,74.15,66.37,3.088,2.515,S2-16D_V2_002011_20260728,NDVI
LZW_P2_B128,2,128,67.16,69.54,9.313,2.418,S2-16D_V2_002011_20260728,NDVI
LZW_P2_B256,2,256,65.86,70.14,9.588,5.988,S2-16D_V2_002011_20260728,NDVI
LZW_P2_B512,2,512,65.32,70.38,9.312,5.006,S2-16D_V2_002011_20260728,NDVI
RAW_SemComp,0,256,220.51,0.0,0.0,0.421,S2-16D_V2_001014_20260728,NBR
LZW_P1_B128,1,128,45.76,79.25,5.72,3.473,S2-16D_V2_001014_20260728,NBR
LZW_P1_B256,1,256,44.75,79.71,4.367,1.565,S2-16D_V2_001014_20260728,NBR
LZW_P1_B512,1,512,44.51,79.82,5.802,2.572,S2-16D_V2_001014_20260728,NBR
LZW_P2_B128,2,128,42.07,80.92,10.094,4.923,S2-16D_V2_001014_20260728,NBR
LZW_P2_B256,2,256,40.7,81.54,9.354,1.07,S2-16D_V2_001014_20260728,NBR
LZW_P2_B512,2,512,40.08,81.82,2.672,1.483,S2-16D_V2_001014_20260728,NBR
RAW_SemComp,0,256,220.51,0.0,0.0,2.224,S2-16D_V2_001014_20260728,B06
LZW_P1_B128,1,128,44.32,79.9,2.284,0.62,S2-16D_V2_001014_20260728,B06
LZW_P1_B256,1,256,43.67,80.2,2.503,1.576,S2-16D_V2_001014_20260728,B06
LZW_P1_B512,1,512,43.54,80.25,3.592,2.708,S2-16D_V2_001014_20260728,B06
LZW_P2_B128,2,128,40.94,81.44,4.096,1.75,S2-16D_V2_001014_20260728,B06
LZW_P2_B256,2,256,40.11,81.81,4.016,1.344,S2-16D_V2_001014_20260728,B06
LZW_P2_B512,2,512,39.76,81.97,4.188,4.582,S2-16D_V2_001014_20260728,B06
RAW_SemComp,0,256,220.51,0.0,0.0,3.093,S2-16D_V2_002012_20260728,B12
LZW_P1_B128,1,128,135.58,38.52,12.704,6.229,S2-16D_V2_002012_20260728,B12
LZW_P1_B256,1,256,136.44,38.13,12.777,4.959,S2-16D_V2_002012_20260728,B12
LZW_P1_B512,1,512,137.78,37.52,7.304,1.177,S2-16D_V2_002012_20260728,B12
LZW_P2_B128,2,128,115.83,47.47,4.808,3.396,S2-16D_V2_002012_20260728,B12
LZW_P2_B256,2,256,114.93,47.88,5.173,2.914,S2-16D_V2_002012_20260728,B12
LZW_P2_B512,2,512,114.78,47.95,9.674,4.997,S2-16D_V2_002012_20260728,B12
RAW_SemComp,0,256,220.51,0.0,0.0,0.817,S2-16D_V2_002011_20260728,B03
LZW_P1_B128,1,128,62.86,71.49,5.874,6.009,S2-16D_V2_002011_20260728,B03
LZW_P1_B256,1,256,62.8,71.52,5.411,1.583,S2-16D_V2_002011_20260728,B03
LZW_P1_B512,1,512,63.14,71.37,8.21,4.403,S2-16D_V2_002011_20260728,B03
LZW_P2_B128,2,128,57.42,73.96,6.309,3.987,S2-16D_V2_002011_20260728,B03
LZW_P2_B256,2,256,56.73,74.28,8.704,4.388,S2-16D_V2_002011_20260728,B03
LZW_P2_B512,2,512,56.48,74.39,9.01,2.434,S2-16D_V2_002011_20260728,B03
RAW_SemComp,0,256,220.51,0.0,0.0,3.265,S2-16D_V2_001014_20260728,B07
LZW_P1_B128,1,128,46.09,79.1,8.429,2.61,S2-16D_V2_001014_20260728,B07
LZW_P1_B256,1,256,45.39,79.42,4.78,2.417,S2-16D_V2_001014_20260728,B07
LZW_P1_B512,1,512,45.26,79.47,6.602,3.593,S2-16D_V2_001014_20260728,B07
LZW_P2_B128,2,128,42.15,80.89,6.786,3.179,S2-16D_V2_001014_20260728,B07
LZW_P2_B256,2,256,41.33,81.26,6.492,1.119,S2-16D_V2_001014_20260728,B07
LZW_P2_B512,2,512,41.0,81.41,3.509,2.663,S2-16D_V2_001014_20260728,B07
RAW_SemComp,0,256,220.51,0.0,0.0,2.216,S2-16D_V2_001014_20260728,B8A
LZW_P1_B128,1,128,46.44,78.94,4.132,3.782,S2-16D_V2_001014_20260728,B8A
LZW_P1_B256,1,256,45.75,79.25,4.998,2.272,S2-16D_V2_001014_20260728,B8A
LZW_P1_B512,1,512,45.63,79.31,6.407,1.705,S2-16D_V2_001014_20260728,B8A
LZW_P2_B128,2,128,42.25,80.84,6.912,2.702,S2-16D_V2_001014_20260728,B8A
LZW_P2_B256,2,256,41.43,81.21,9.869,2.044,S2-16D_V2_001014_20260728,B8A
LZW_P2_B512,2,512,41.1,81.36,4.094,1.852,S2-16D_V2_001014_20260728,B8A
RAW_SemComp,0,256,220.51,0.0,0.0,1.203,S2-16D_V2_002011_20260728,B08
LZW_P1_B128,1,128,77.54,64.84,5.09,1.643,S2-16D_V2_002011_20260728,B08
LZW_P1_B256,1,256,77.61,64.8,4.559,2.506,S2-16D_V2_002011_20260728,B08
LZW_P1_B512,1,512,78.04,64.61,8.832,1.771,S2-16D_V2_002011_20260728,B08
LZW_P2_B128,2,128,68.3,69.03,4.788,1.618,S2-16D_V2_002011_20260728,B08
LZW_P2_B256,2,256,67.31,69.48,3.359,2.295,S2-16D_V2_002011_20260728,B08
LZW_P2_B512,2,512,66.95,69.64,5.924,4.589,S2-16D_V2_002011_20260728,B08
RAW_SemComp,0,256,110.26,0.0,0.0,0.677,S2-16D_V2_002012_20260728,SCL
LZW_P1_B128,1,128,1.8,98.36,1.139,0.397,S2-16D_V2_002012_20260728,SCL
LZW_P1_B256,1,256,1.19,98.92,0.883,0.576,S2-16D_V2_002012_20260728,SCL
LZW_P1_B512,1,512,0.9,99.18,0.877,0.234,S2-16D_V2_002012_20260728,SCL
LZW_P2_B128,2,128,2.86,97.4,3.48,1.999,S2-16D_V2_002012_20260728,SCL
LZW_P2_B256,2,256,1.77,98.4,1.959,0.333,S2-16D_V2_002012_20260728,SCL
LZW_P2_B512,2,512,1.22,98.89,0.821,0.444,S2-16D_V2_002012_20260728,SCL
RAW_SemComp,0,256,220.51,0.0,0.0,0.778,S2-16D_V2_002012_20260728,B03
LZW_P1_B128,1,128,138.76,37.08,6.08,2.996,S2-16D_V2_002012_20260728,B03
LZW_P1_B256,1,256,139.23,36.86,6.022,6.705,S2-16D_V2_002012_20260728,B03
LZW_P1_B512,1,512,140.04,36.49,15.901,6.879,S2-16D_V2_002012_20260728,B03
LZW_P2_B128,2,128,135.61,38.5,9.648,4.066,S2-16D_V2_002012_20260728,B03
LZW_P2_B256,2,256,134.95,38.8,13.002,6.644,S2-16D_V2_002012_20260728,B03
LZW_P2_B512,2,512,134.75,38.89,12.839,6.887,S2-16D_V2_002012_20260728,B03
RAW_SemComp,0,256,220.51,0.0,0.0,0.546,S2-16D_V2_002011_20260728,B11
LZW_P1_B128,1,128,69.43,68.51,8.181,5.411,S2-16D_V2_002011_20260728,B11
LZW_P1_B256,1,256,69.66,68.41,9.933,1.259,S2-16D_V2_002011_20260728,B11
LZW_P1_B512,1,512,70.29,68.12,9.913,5.284,S2-16D_V2_002011_20260728,B11
LZW_P2_B128,2,128,57.14,74.09,5.896,6.806,S2-16D_V2_002011_20260728,B11
LZW_P2_B256,2,256,56.38,74.43,6.904,4.112,S2-16D_V2_002011_20260728,B11
LZW_P2_B512,2,512,56.11,74.56,8.876,3.902,S2-16D_V2_002011_20260728,B11
RAW_SemComp,0,256,220.51,0.0,0.0,2.62,S2-16D_V2_001014_20260728,B04
LZW_P1_B128,1,128,34.93,84.16,5.867,3.3,S2-16D_V2_001014_20260728,B04
LZW_P1_B256,1,256,34.3,84.45,6.245,1.378,S2-16D_V2_001014_20260728,B04
LZW_P1_B512,1,512,34.11,84.53,2.181,1.299,S2-16D_V2_001014_20260728,B04
LZW_P2_B128,2,128,34.9,84.17,3.04,2.265,S2-16D_V2_001014_20260728,B04
LZW_P2_B256,2,256,34.12,84.53,2.617,2.527,S2-16D_V2_001014_20260728,B04
LZW_P2_B512,2,512,33.82,84.67,3.88,2.392,S2-16D_V2_001014_20260728,B04
RAW_SemComp,0,256,220.51,0.0,0.0,2.206,S2-16D_V2_002011_20260728,B02
LZW_P1_B128,1,128,59.18,73.16,11.005,5.595,S2-16D_V2_002011_20260728,B02
LZW_P1_B256,1,256,59.22,73.15,9.702,3.102,S2-16D_V2_002011_20260728,B02
LZW_P1_B512,1,512,59.65,72.95,3.973,0.689,S2-16D_V2_002011_20260728,B02
LZW_P2_B128,2,128,53.71,75.64,3.895,1.766,S2-16D_V2_002011_20260728,B02
LZW_P2_B256,2,256,53.07,75.93,4.682,1.804,S2-16D_V2_002011_20260728,B02
LZW_P2_B512,2,512,52.9,76.01,6.387,2.849,S2-16D_V2_002011_20260728,B02
RAW_SemComp,0,256,220.51,0.0,0.0,3.797,S2-16D_V2_002012_20260728,B11
LZW_P1_B128,1,128,151.86,31.13,18.712,10.066,S2-16D_V2_002012_20260728,B11
LZW_P1_B256,1,256,152.67,30.77,7.639,2.164,S2-16D_V2_002012_20260728,B11
LZW_P1_B512,1,512,153.92,30.2,3.852,2.425,S2-16D_V2_002012_20260728,B11
LZW_P2_B128,2,128,134.07,39.2,8.544,6.389,S2-16D_V2_002012_20260728,B11
LZW_P2_B256,2,256,133.3,39.55,11.734,3.605,S2-16D_V2_002012_20260728,B11
LZW_P2_B512,2,512,133.14,39.62,9.565,7.794,S2-16D_V2_002012_20260728,B11
RAW_SemComp,0,256,220.51,0.0,0.0,1.087,S2-16D_V2_001014_20260728,EVI
LZW_P1_B128,1,128,50.77,76.98,7.386,5.516,S2-16D_V2_001014_20260728,EVI
LZW_P1_B256,1,256,49.87,77.39,3.433,3.508,S2-16D_V2_001014_20260728,EVI
LZW_P1_B512,1,512,49.64,77.49,3.15,3.106,S2-16D_V2_001014_20260728,EVI
LZW_P2_B128,2,128,46.52,78.91,4.815,6.675,S2-16D_V2_001014_20260728,EVI
LZW_P2_B256,2,256,44.99,79.6,5.81,1.005,S2-16D_V2_001014_20260728,EVI
LZW_P2_B512,2,512,44.37,79.88,6.207,1.712,S2-16D_V2_001014_20260728,EVI
RAW_SemComp,0,256,220.51,0.0,0.0,2.783,S2-16D_V2_002012_20260728,B09
LZW_P1_B128,1,128,152.27,30.95,15.015,1.617,S2-16D_V2_002012_20260728,B09
LZW_P1_B256,1,256,153.91,30.2,4.669,4.63,S2-16D_V2_002012_20260728,B09
LZW_P1_B512,1,512,156.18,29.18,8.371,3.016,S2-16D_V2_002012_20260728,B09
LZW_P2_B128,2,128,95.88,56.52,9.223,3.815,S2-16D_V2_002012_20260728,B09
LZW_P2_B256,2,256,94.73,57.04,11.957,4.502,S2-16D_V2_002012_20260728,B09
LZW_P2_B512,2,512,94.57,57.11,17.996,8.398,S2-16D_V2_002012_20260728,B09
RAW_SemComp,0,256,220.51,0.0,0.0,2.693,S2-16D_V2_001014_20260728,B08
LZW_P1_B128,1,128,49.19,77.69,8.91,2.122,S2-16D_V2_001014_20260728,B08
LZW_P1_B256,1,256,48.52,78.0,4.704,1.965,S2-16D_V2_001014_20260728,B08
LZW_P1_B512,1,512,48.36,78.07,4.568,2.832,S2-16D_V2_001014_20260728,B08
LZW_P2_B128,2,128,47.39,78.51,8.501,4.417,S2-16D_V2_001014_20260728,B08
LZW_P2_B256,2,256,46.44,78.94,8.499,2.501,S2-16D_V2_001014_20260728,B08
LZW_P2_B512,2,512,46.09,79.1,3.305,2.507,S2-16D_V2_001014_20260728,B08
RAW_SemComp,0,256,220.51,0.0,0.0,1.124,S2-16D_V2_002012_20260728,NDVI
LZW_P1_B128,1,128,163.47,25.87,14.588,3.87,S2-16D_V2_002012_20260728,NDVI
LZW_P1_B256,1,256,163.68,25.77,18.818,2.913,S2-16D_V2_002012_20260728,NDVI
LZW_P1_B512,1,512,164.26,25.51,16.584,8.295,S2-16D_V2_002012_20260728,NDVI
LZW_P2_B128,2,128,156.67,28.95,11.487,2.125,S2-16D_V2_002012_20260728,NDVI
LZW_P2_B256,2,256,155.87,29.32,7.706,1.33,S2-16D_V2_002012_20260728,NDVI
LZW_P2_B512,2,512,155.6,29.44,5.067,3.076,S2-16D_V2_002012_20260728,NDVI
RAW_SemComp,0,256,110.26,0.0,0.0,1.486,S2-16D_V2_002011_20260728,SCL
LZW_P1_B128,1,128,1.92,98.26,3.01,0.705,S2-16D_V2_002011_20260728,SCL
LZW_P1_B256,1,256,1.29,98.83,2.098,1.891,S2-16D_V2_002011_20260728,SCL
LZW_P1_B512,1,512,0.97,99.12,3.206,0.737,S2-16D_V2_002011_20260728,SCL
LZW_P2_B128,2,128,2.35,97.87,2.76,1.225,S2-16D_V2_002011_20260728,SCL
LZW_P2_B256,2,256,1.53,98.61,2.106,1.367,S2-16D_V2_002011_20260728,SCL
LZW_P2_B512,2,512,1.1,99.0,4.738,0.339,S2-16D_V2_002011_20260728,SCL
RAW_SemComp,0,256,220.51,0.0,0.0,2.788,S2-16D_V2_002012_20260728,B8A
LZW_P1_B128,1,128,170.3,22.77,11.353,7.185,S2-16D_V2_002012_20260728,B8A
LZW_P1_B256,1,256,170.8,22.55,9.429,4.244,S2-16D_V2_002012_20260728,B8A
LZW_P1_B512,1,512,171.89,22.05,18.42,1.967,S2-16D_V2_002012_20260728,B8A
LZW_P2_B128,2,128,150.97,31.54,4.341,2.573,S2-16D_V2_002012_20260728,B8A
LZW_P2_B256,2,256,150.34,31.82,4.57,2.433,S2-16D_V2_002012_20260728,B8A
LZW_P2_B512,2,512,150.06,31.95,5.694,4.389,S2-16D_V2_002012_20260728,B8A
RAW_SemComp,0,256,220.51,0.0,0.0,2.893,S2-16D_V2_002011_20260728,B05
LZW_P1_B128,1,128,65.49,70.3,12.004,7.824,S2-16D_V2_002011_20260728,B05
LZW_P1_B256,1,256,65.61,70.25,2.946,0.687,S2-16D_V2_002011_20260728,B05
LZW_P1_B512,1,512,66.14,70.01,2.161,0.776,S2-16D_V2_002011_20260728,B05
LZW_P2_B128,2,128,55.31,74.92,2.619,1.362,S2-16D_V2_002011_20260728,B05
LZW_P2_B256,2,256,54.53,75.27,6.127,1.706,S2-16D_V2_002011_20260728,B05
LZW_P2_B512,2,512,54.27,75.39,6.822,2.159,S2-16D_V2_002011_20260728,B05
RAW_SemComp,0,256,220.51,0.0,0.0,1.565,S2-16D_V2_002012_20260728,EVI
LZW_P1_B128,1,128,182.86,17.08,15.143,5.226,S2-16D_V2_002012_20260728,EVI
LZW_P1_B256,1,256,183.32,16.87,20.284,8.972,S2-16D_V2_002012_20260728,EVI
LZW_P1_B512,1,512,184.32,16.41,7.574,2.247,S2-16D_V2_002012_20260728,EVI
LZW_P2_B128,2,128,162.16,26.46,6.184,2.249,S2-16D_V2_002012_20260728,EVI
LZW_P2_B256,2,256,160.91,27.03,8.025,2.189,S2-16D_V2_002012_20260728,EVI
LZW_P2_B512,2,512,160.58,27.18,6.615,2.846,S2-16D_V2_002012_20260728,EVI
RAW_SemComp,0,256,220.51,0.0,0.0,4.09,S2-16D_V2_002012_20260728,B07
LZW_P1_B128,1,128,168.49,23.59,16.167,5.533,S2-16D_V2_002012_20260728,B07
LZW_P1_B256,1,256,168.97,23.37,12.581,2.504,S2-16D_V2_002012_20260728,B07
LZW_P1_B512,1,512,170.02,22.9,8.226,1.722,S2-16D_V2_002012_20260728,B07
LZW_P2_B128,2,128,149.82,32.06,5.764,4.222,S2-16D_V2_002012_20260728,B07
LZW_P2_B256,2,256,149.18,32.35,6.271,2.437,S2-16D_V2_002012_20260728,B07
LZW_P2_B512,2,512,148.9,32.48,7.805,4.97,S2-16D_V2_002012_20260728,B07
RAW_SemComp,0,256,220.51,0.0,0.0,1.572,S2-16D_V2_002011_20260728,NBR
LZW_P1_B128,1,128,73.93,66.47,7.572,2.723,S2-16D_V2_002011_20260728,NBR
LZW_P1_B256,1,256,73.63,66.61,5.211,7.288,S2-16D_V2_002011_20260728,NBR
LZW_P1_B512,1,512,73.82,66.52,7.825,3.68,S2-16D_V2_002011_20260728,NBR
LZW_P2_B128,2,128,63.42,71.24,8.522,3.804,S2-16D_V2_002011_20260728,NBR
LZW_P2_B256,2,256,62.24,71.78,8.974,3.478,S2-16D_V2_002011_20260728,NBR
LZW_P2_B512,2,512,61.73,72.01,10.735,5.164,S2-16D_V2_002011_20260728,NBR
RAW_SemComp,0,256,220.51,0.0,0.0,0.517,S2-16D_V2_001014_20260728,B05
LZW_P1_B128,1,128,38.29,82.63,4.804,1.55,S2-16D_V2_001014_20260728,B05
LZW_P1_B256,1,256,37.7,82.9,6.501,1.969,S2-16D_V2_001014_20260728,B05
LZW_P1_B512,1,512,37.58,82.96,5.123,2.598,S2-16D_V2_001014_20260728,B05
LZW_P2_B128,2,128,35.8,83.76,7.415,4.606,S2-16D_V2_001014_20260728,B05
LZW_P2_B256,2,256,34.91,84.17,3.889,4.089,S2-16D_V2_001014_20260728,B05
LZW_P2_B512,2,512,34.57,84.32,5.614,3.385,S2-16D_V2_001014_20260728,B05
RAW_SemComp,0,256,220.51,0.0,0.0,0.376,S2-16D_V2_002012_20260728,B06
LZW_P1_B128,1,128,164.11,25.58,14.143,7.59,S2-16D_V2_002012_20260728,B06
LZW_P1_B256,1,256,164.64,25.34,19.827,2.904,S2-16D_V2_002012_20260728,B06
LZW_P1_B512,1,512,165.64,24.89,18.283,4.288,S2-16D_V2_002012_20260728,B06
LZW_P2_B128,2,128,147.0,33.34,4.805,1.386,S2-16D_V2_002012_20260728,B06
LZW_P2_B256,2,256,146.27,33.67,3.117,1.383,S2-16D_V2_002012_20260728,B06
LZW_P2_B512,2,512,146.02,33.78,5.025,1.978,S2-16D_V2_002012_20260728,B06
RAW_SemComp,0,256,220.51,0.0,0.0,2.88,S2-16D_V2_002011_20260728,B8A
LZW_P1_B128,1,128,75.53,65.75,12.399,3.827,S2-16D_V2_002011_20260728,B8A
LZW_P1_B256,1,256,75.75,65.65,7.978,0.998,S2-16D_V2_002011_20260728,B8A
LZW_P1_B512,1,512,76.35,65.38,4.411,5.969,S2-16D_V2_002011_20260728,B8A
LZW_P2_B128,2,128,62.55,71.63,2.301,1.348,S2-16D_V2_002011_20260728,B8A
LZW_P2_B256,2,256,61.8,71.97,4.337,1.026,S2-16D_V2_002011_20260728,B8A
LZW_P2_B512,2,512,61.49,72.12,5.907,3.724,S2-16D_V2_002011_20260728,B8A
RAW_SemComp,0,256,220.51,0.0,0.0,1.29,S2-16D_V2_001014_20260728,B01
LZW_P1_B128,1,128,18.21,91.74,3.802,2.593,S2-16D_V2_001014_20260728,B01
LZW_P1_B256,1,256,17.66,91.99,2.815,2.917,S2-16D_V2_001014_20260728,B01
LZW_P1_B512,1,512,17.84,91.91,3.086,1.084,S2-16D_V2_001014_20260728,B01
LZW_P2_B128,2,128,11.16,94.94,3.502,3.403,S2-16D_V2_001014_20260728,B01
LZW_P2_B256,2,256,10.21,95.37,4.297,2.026,S2-16D_V2_001014_20260728,B01
LZW_P2_B512,2,512,9.8,95.56,3.166,2.922,S2-16D_V2_001014_20260728,B01
